_id,car_model,car_ID,year,mileage,sec_status,price
5eb69776bbb13e40ab836498,2007 Toyota Rav4,NG-479612,2007," 148,243 Km",Nigerian Used,"₦ 1,907,500"
5eb69777bbb13e40ab836499,2004 Toyota Camry,NG-480051,2004," 133,414 Km",Nigerian Used,"₦ 757,500"
5eb69778bbb13e40ab83649a,2008 Toyota Corolla,NG-480107,2008," 144,374 Km",Nigerian Used,"₦ 1,447,500"
5eb69778bbb13e40ab83649b,1999 Isuzu Rodeo,NG-480058,1999," 249,477 Km",Nigerian Used,"₦ 297,500"
5eb69778bbb13e40ab83649c,2001 Land Rover Freelander,NG-480076,2001," 101,914 Km",Nigerian Used,"₦ 240,000"
5eb69778bbb13e40ab83649d,2014 Honda Accord,NG-480077,2014," 103,919 Km",Foreign Used,"₦ 3,575,000"
5eb69779bbb13e40ab83649e,2011 Ford Explorer,NG-479933,2011," 79,920 Km",Nigerian Used,"₦ 4,035,000"
5eb69779bbb13e40ab83649f,2006 Toyota Avalon,NG-480065,2006," 217,439 Km",Foreign Used,"₦ 2,540,000"
5eb69779bbb13e40ab8364a0,1992 Mazda 626,NG-480101,1992," 246,674 Km",Nigerian Used,"₦ 291,750"
5eb69779bbb13e40ab8364a1,2004 Toyota Sienna,NG-480105,2004," 414,781 Km",Nigerian Used,"₦ 757,500"
5eb6977abbb13e40ab8364a2,2008 Toyota Corolla,NG-480087,2008," 156,741 Km",Nigerian Used,"₦ 1,160,000"
5eb6977abbb13e40ab8364a3,2007 Honda Civic,NG-480091,2007," 204,987 Km",Nigerian Used,"₦ 838,000"
5eb6977abbb13e40ab8364a4,1999 Honda Accord,NG-480110,1999," 176,924 Km",Nigerian Used,"₦ 297,500"
5eb6977abbb13e40ab8364a5,2007 Infiniti Fx,NG-480098,2007," 149,794 Km",Foreign Used,"₦ 1,160,000"
5eb6977bbbb13e40ab8364a6,2009 Honda Pilot,NG-480073,2009," 104,798 Km",Nigerian Used,"₦ 2,310,000"
5eb6977bbbb13e40ab8364a7,2004 Toyota Highlander,NG-480082,2004," 128,922 Km",Nigerian Used,"₦ 1,160,000"
5eb6977bbbb13e40ab8364a8,2015 Toyota Camry,NG-480070,2015," 28,746 Km",Foreign Used,"₦ 4,610,000"
5eb6977cbbb13e40ab8364a9,2009 Toyota Corolla,NG-480083,2009," 138,866 Km",Foreign Used,"₦ 2,425,000"
5eb6977cbbb13e40ab8364aa,1999 Mazda 626,NG-480072,1999," 329,918 Km",Nigerian Used,"₦ 297,500"
5eb6977cbbb13e40ab8364ab,2001 Toyota Sienna,NG-480084,2001," 214,766 Km",Nigerian Used,"₦ 815,000"
5eb6977cbbb13e40ab8364ac,2009 Honda Accord,NG-480061,2009," 96,757 Km",Nigerian Used,"₦ 930,000"
5eb6977cbbb13e40ab8364ad,2010 Toyota Land Cruiser Prado,NG-479823,2010," 20,393 Km",Nigerian Used,"₦ 9,785,000"
5eb6977cbbb13e40ab8364ae,2002 Toyota Camry,NG-479137,2002," 235,788 Km",Nigerian Used,"₦ 815,000"
5eb6977dbbb13e40ab8364af,2004 Infiniti Qx,NG-480068,2004," 48,095 Km",Nigerian Used,"₦ 2,195,000"
5eb6977dbbb13e40ab8364b0,2004 Toyota Camry,NG-479832,2004," 120,150 Km",Foreign Used,"₦ 1,792,500"
5eb6977dbbb13e40ab8364b1,2003 Toyota Matrix,NG-480075,2003," 196,120 Km",Foreign Used,"₦ 1,562,500"
5eb6977ebbb13e40ab8364b2,2003 Honda Accord,NG-479783,2003," 180,556 Km",Nigerian Used,"₦ 470,000"
5eb6977ebbb13e40ab8364b3,2010 Honda Accord Crosstour,NG-438576,2010," 54,626 Km",Nigerian Used,"₦ 1,716,000"
5eb6977ebbb13e40ab8364b4,2000 Honda Odyssey,NG-480047,2000," 310,799 Km",Nigerian Used,"₦ 355,000"
5eb6977ebbb13e40ab8364b5,2004 Lexus Rx 330,NG-480052,2004," 87,555 Km",Nigerian Used,"₦ 1,677,500"
5eb6977fbbb13e40ab8364b6,Toyota HiAce 2019,NG-476313,2019, 1 Km,New,"₦ 29,000,000"
5eb6977fbbb13e40ab8364b7,,,,,,
5eb6977fbbb13e40ab8364b8,,,,,,
5eb6977fbbb13e40ab8364b9,2005 Nissan Murano,NG-402585,2005," 179,904 Km",Foreign Used,"₦ 535,500"
5eb6977fbbb13e40ab8364ba,2003 Infiniti G,NG-402378,2003," 176,691 Km",Nigerian Used,"₦ 1,060,500"
5eb69780bbb13e40ab8364bb,2013 Toyota Camry,NG-402376,2013," 81,868 Km",Foreign Used,"₦ 3,950,000"
5eb69781bbb13e40ab8364bc,2005 Toyota Camry,NG-401623,2005," 333,083 Km",Nigerian Used,"₦ 1,013,250"
5eb69781bbb13e40ab8364bd,2003 Toyota Rav4,NG-401584,2003," 132,410 Km",Nigerian Used,"₦ 955,500"
5eb69781bbb13e40ab8364be,,,,,,
5eb69781bbb13e40ab8364bf,1998 Toyota Camry,NG-402333,1998," 274,135 Km",Nigerian Used,"₦ 534,450"
5eb69781bbb13e40ab8364c0,2013 Kia Cerato,NG-401498,2013," 34,044 Km",Nigerian Used,"₦ 517,125"
5eb69782bbb13e40ab8364c1,2010 Toyota Camry,NG-402334,2010," 131,723 Km",Foreign Used,"₦ 2,115,750"
5eb69782bbb13e40ab8364c2,2001 Toyota Sienna,NG-402287,2001," 201,005 Km",Nigerian Used,"₦ 745,500"
5eb69782bbb13e40ab8364c3,2008 Honda City,NG-402484,2008," 107,689 Km",Nigerian Used,"₦ 483,000"
5eb69782bbb13e40ab8364c4,2004 Honda Accord,NG-402195,2004," 218,277 Km",Nigerian Used,"₦ 467,250"
5eb69782bbb13e40ab8364c5,2014 Ford Explorer,NG-401540,2014," 82,062 Km",Nigerian Used,"₦ 4,735,500"
5eb69784bbb13e40ab8364c6,2007 Hyundai Sonata,NG-401676,2007," 223,943 Km",Nigerian Used,"₦ 505,000"
5eb69784bbb13e40ab8364c7,2008 Lexus Es,NG-402363,2008," 178,527 Km",Nigerian Used,"₦ 2,635,500"
5eb69784bbb13e40ab8364c8,2008 Toyota Highlander,NG-402578,2008," 113,372 Km",Nigerian Used,"₦ 1,900,500"
5eb69785bbb13e40ab8364c9,2003 Toyota Camry,NG-402310,2003," 161,081 Km",Nigerian Used,"₦ 1,165,500"
5eb69785bbb13e40ab8364ca,2001 Volkswagen Passat,NG-402575,2001," 178,483 Km",Nigerian Used,"₦ 273,000"
5eb69785bbb13e40ab8364cb,2010 Toyota Corolla,NG-402434,2010," 119,939 Km",Nigerian Used,"₦ 1,270,500"
5eb69785bbb13e40ab8364cc,2007 Lexus Es,NG-402489,2007," 89,616 Km",Foreign Used,"₦ 3,055,500"
5eb69785bbb13e40ab8364cd,2011 Nissan Maxima,NG-402504,2011," 115,050 Km",Foreign Used,"₦ 2,110,500"
5eb69786bbb13e40ab8364ce,2001 Toyota Land Cruiser,NG-401633,2001," 101,180 Km",Nigerian Used,"₦ 850,500"
5eb69786bbb13e40ab8364cf,2002 Toyota Camry,NG-401542,2002," 106,542 Km",Nigerian Used,"₦ 745,500"
5eb69786bbb13e40ab8364d0,2004 Honda Accord,NG-402327,2004," 208,598 Km",Nigerian Used,"₦ 615,000"
5eb69786bbb13e40ab8364d1,2000 Honda Accord,NG-402361,2000," 164,290 Km",Nigerian Used,"₦ 304,500"
5eb69787bbb13e40ab8364d2,2004 Toyota Corolla,NG-401642,2004," 149,078 Km",Nigerian Used,"₦ 955,500"
5eb69787bbb13e40ab8364d3,2002 Nissan Pathfinder,NG-479920,2002, 1 Km,Nigerian Used,"₦ 687,350"
5eb6978abbb13e40ab8364d4,1998 Ford Galaxy,NG-479835,1998," 459,300 Km",Nigerian Used,"₦ 221,600"
5eb6978abbb13e40ab8364d5,2007 Toyota Camry,NG-479831,2007," 108,716 Km",Nigerian Used,"₦ 930,000"
5eb6978abbb13e40ab8364d6,2002 Infiniti i35,NG-479829,2002," 153,366 Km",Nigerian Used,"₦ 303,250"
5eb6978abbb13e40ab8364d7,2003 Lexus Es,NG-479926,2003," 142,361 Km",Nigerian Used,"₦ 1,160,000"
5eb6978abbb13e40ab8364d8,2011 Hyundai Ix35,NG-479822,2011," 100,780 Km",Nigerian Used,"₦ 1,275,000"
5eb6978abbb13e40ab8364d9,2008 Honda Accord,NG-479594,2008," 108,608 Km",Nigerian Used,"₦ 1,035,000"
5eb6978bbbb13e40ab8364da,2005 Toyota Corolla,NG-479833,2005," 199,832 Km",Foreign Used,"₦ 1,850,000"
5eb6978bbbb13e40ab8364db,,,,,,
5eb6978bbbb13e40ab8364dc,2007 Toyota Avalon,NG-479840,2007," 99,822 Km",Nigerian Used,"₦ 1,275,000"
5eb6978bbbb13e40ab8364dd,2009 Honda Accord,NG-479802,2009," 58,766 Km",Foreign Used,"₦ 1,965,000"
5eb6978cbbb13e40ab8364de,2007 Toyota Camry,NG-479761,2007," 91,155 Km",Nigerian Used,"₦ 1,620,000"
5eb6978cbbb13e40ab8364df,2009 Toyota Sienna,NG-472112,2009," 143,609 Km",Nigerian Used,"₦ 1,620,000"
5eb6978cbbb13e40ab8364e0,2002 Toyota Tacoma,NG-479873,2002," 187,811 Km",Nigerian Used,"₦ 1,620,000"
5eb6978cbbb13e40ab8364e1,2012 Honda Accord,NG-479801,2012," 48,481 Km",Nigerian Used,"₦ 1,089,850"
5eb6978cbbb13e40ab8364e2,2005 Renault SAMSUNG,NG-479815,2005," 311,944 Km",Nigerian Used,"₦ 872,500"
5eb6978dbbb13e40ab8364e3,2008 Toyota Yaris,NG-479839,2008," 78,310 Km",Nigerian Used,"₦ 660,000"
5eb6978dbbb13e40ab8364e4,2007 Toyota Corolla,NG-479807,2007," 203,059 Km",Nigerian Used,"₦ 1,447,500"
5eb6978dbbb13e40ab8364e5,2006 Honda Civic,NG-479813,2006," 97,662 Km",Nigerian Used,"₦ 757,500"
5eb6978ebbb13e40ab8364e6,,,,,,
5eb6978ebbb13e40ab8364e7,2006 Toyota Corolla,NG-479370,2006," 244,244 Km",Nigerian Used,"₦ 230,000"
5eb6978ebbb13e40ab8364e8,2003 Toyota Corolla,NG-479808,2003," 186,785 Km",Nigerian Used,"₦ 1,160,000"
5eb6978ebbb13e40ab8364e9,2008 Ford Escape,NG-479787,2008," 113,703 Km",Nigerian Used,"₦ 930,000"
5eb6978ebbb13e40ab8364ea,2008 Honda Accord,NG-479772,2008," 85,517 Km",Nigerian Used,"₦ 1,275,000"
5eb6978ebbb13e40ab8364eb,Toyota Corolla 2007,NG-479791,2007," 218,975 Km",Nigerian Used,"₦ 1,045,000"
5eb6978fbbb13e40ab8364ec,2005 Nissan Murano,NG-479611,2005," 163,715 Km",Nigerian Used,"₦ 355,000"
5eb6978fbbb13e40ab8364ed,,,,,,
5eb6978fbbb13e40ab8364ee,2003 Honda Pilot,NG-479768,2003," 208,883 Km",Nigerian Used,"₦ 1,045,000"
5eb69790bbb13e40ab8364ef,2012 Toyota Camry,NG-479753,2012," 154,682 Km",Nigerian Used,"₦ 2,310,000"
5eb69790bbb13e40ab8364f0,1992 Toyota Camry,NG-479777,1992," 299,383 Km",Nigerian Used,"₦ 412,500"
5eb69790bbb13e40ab8364f1,2011 Ford Taurus,NG-479765,2011," 106,061 Km",Nigerian Used,"₦ 1,735,000"
5eb69790bbb13e40ab8364f2,2007 Hyundai Sonata,NG-479331,2007," 160,630 Km",Nigerian Used,"₦ 642,500"
5eb69791bbb13e40ab8364f3,2013 Hyundai Sonata,NG-464529,2013," 89,417 Km",Nigerian Used,"₦ 2,211,000"
5eb69793bbb13e40ab8364f4,2011 Land Rover Lr4,NG-479132,2011," 148,708 Km",Foreign Used,"₦ 4,610,000"
5eb69794bbb13e40ab8364f5,2004 Honda Accord,NG-479627,2004," 92,821 Km",Nigerian Used,"₦ 682,750"
5eb69794bbb13e40ab8364f6,2005 Toyota Corolla,NG-479562,2005," 89,910 Km",Nigerian Used,"₦ 815,000"
5eb69794bbb13e40ab8364f7,2001 Toyota 4Runner,NG-479646,2001," 180,360 Km",Nigerian Used,"₦ 642,500"
5eb69794bbb13e40ab8364f8,2005 Toyota Highlander,NG-479653,2005," 139,362 Km",Nigerian Used,"₦ 1,505,000"
5eb69794bbb13e40ab8364f9,2009 Toyota Venza,NG-479595,2009," 91,527 Km",Nigerian Used,"₦ 3,575,000"
5eb69795bbb13e40ab8364fa,2002 Jeep Liberty,NG-479563,2002," 170,759 Km",Nigerian Used,"₦ 297,500"
5eb69795bbb13e40ab8364fb,2009 Toyota Corolla,NG-479618,2009," 100,056 Km",Nigerian Used,"₦ 642,500"
5eb69795bbb13e40ab8364fc,2008 Hyundai Elantra,NG-479616,2008," 84,818 Km",Nigerian Used,"₦ 355,000"
5eb69795bbb13e40ab8364fd,1999 Toyota Avensis,NG-479638,1999," 188,052 Km",Nigerian Used,"₦ 240,000"
5eb69796bbb13e40ab8364fe,2001 Toyota Camry,NG-479600,2001," 255,940 Km",Nigerian Used,"₦ 642,500"
5eb69796bbb13e40ab8364ff,2006 Land Rover Range Rover Sport,NG-479607,2006," 132,375 Km",Nigerian Used,"₦ 2,310,000"
5eb69796bbb13e40ab836500,2012 Honda Civic,NG-479566,2012," 115,707 Km",Nigerian Used,"₦ 1,330,000"
5eb69796bbb13e40ab836501,2008 Honda Civic,NG-479637,2008," 329,444 Km",Nigerian Used,"₦ 527,500"
5eb69796bbb13e40ab836502,2005 Toyota Corolla,NG-479575,2005," 112,042 Km",Foreign Used,"₦ 1,677,500"
5eb69797bbb13e40ab836503,2011 Toyota Corolla,NG-479635,2011," 98,586 Km",Foreign Used,"₦ 3,460,000"
5eb69797bbb13e40ab836504,2007 Volkswagen Passat,NG-479634,2007," 345,616 Km",Nigerian Used,"₦ 412,500"
5eb69797bbb13e40ab836505,2001 Honda Passport,NG-479605,2001," 144,101 Km",Nigerian Used,"₦ 470,000"
5eb69797bbb13e40ab836506,2003 Toyota Corolla,NG-479624,2003," 163,126 Km",Nigerian Used,"₦ 665,500"
5eb69797bbb13e40ab836507,2005 Mercedes-Benz C180,NG-479642,2005," 196,688 Km",Foreign Used,"₦ 2,080,000"
5eb69798bbb13e40ab836508,2002 Lexus Es,NG-479608,2002," 120,027 Km",Foreign Used,"₦ 1,505,000"
5eb69798bbb13e40ab836509,2006 Honda Civic,NG-479106,2006," 167,428 Km",Foreign Used,"₦ 1,850,000"
5eb69798bbb13e40ab83650a,2003 Toyota Corolla,NG-479591,2003," 130,380 Km",Foreign Used,"₦ 1,821,250"
5eb69799bbb13e40ab83650b,1995 Nissan Almera,NG-479601,1995," 274,498 Km",Nigerian Used,"₦ 125,000"
5eb69799bbb13e40ab83650c,2008 Kia Picanto,NG-479604,2008," 84,315 Km",Nigerian Used,"₦ 550,500"
5eb69799bbb13e40ab83650d,2006 Lexus Es,NG-479138,2006," 118,705 Km",Foreign Used,"₦ 2,195,000"
5eb69799bbb13e40ab83650e,2001 Kia Magentis,NG-479589,2001," 247,731 Km",Nigerian Used,"₦ 309,000"
5eb69799bbb13e40ab83650f,2005 Ford F-150,NG-479356,2005," 243,235 Km",Foreign Used,"₦ 1,160,000"
5eb6979cbbb13e40ab836510,2005 Lexus Gx,NG-479556,2005," 124,958 Km",Nigerian Used,"₦ 1,907,500"
5eb6979dbbb13e40ab836511,2004 Toyota Solara,NG-479372,2004," 193,815 Km",Foreign Used,"₦ 1,447,500"
5eb6979dbbb13e40ab836512,2010 Mercedes-Benz Glk350,NG-479361,2010," 128,615 Km",Foreign Used,"₦ 4,897,500"
5eb6979dbbb13e40ab836513,2015 BMW X5,NG-479366,2015," 47,860 Km",Nigerian Used,"₦ 14,960,000"
5eb6979ebbb13e40ab836514,2011 Kia Rio,NG-479113,2011," 139,928 Km",Nigerian Used,"₦ 240,000"
5eb6979ebbb13e40ab836515,2012 Honda Civic,NG-479316,2012," 39,458 Km",Nigerian Used,"₦ 2,080,000"
5eb6979ebbb13e40ab836516,2004 Mercedes-Benz E320,NG-479336,2004," 150,827 Km",Nigerian Used,"₦ 613,750"
5eb6979ebbb13e40ab836517,2010 Honda Accord Crosstour,NG-479340,2010," 81,239 Km",Nigerian Used,"₦ 1,735,000"
5eb6979fbbb13e40ab836518,2008 Honda Accord,NG-479351,2008," 110,854 Km",Nigerian Used,"₦ 1,390,000"
5eb6979fbbb13e40ab836519,2014 Mercedes-Benz Ml350,NG-472518,2014," 84,144 Km",Foreign Used,"₦ 12,660,000"
5eb6979fbbb13e40ab83651a,2013 Kia Rio,NG-479135,2013," 90,548 Km",Nigerian Used,"₦ 815,000"
5eb6979fbbb13e40ab83651b,2009 Honda Civic,NG-479329,2009," 124,223 Km",Foreign Used,"₦ 1,965,000"
5eb697a0bbb13e40ab83651c,2013 Honda Accord,NG-479364,2013," 62,038 Km",Nigerian Used,"₦ 2,770,000"
5eb697a0bbb13e40ab83651d,2006 Toyota Avalon,NG-479117,2006," 167,588 Km",Nigerian Used,"₦ 1,390,000"
5eb697a0bbb13e40ab83651e,2014 Ford Edge,NG-479347,2014," 43,384 Km",Nigerian Used,"₦ 6,335,000"
5eb697a0bbb13e40ab83651f,2007 Land Rover HSE,NG-479298,2007," 159,845 Km",Nigerian Used,"₦ 1,976,500"
5eb697a0bbb13e40ab836520,,,,,,
5eb697a1bbb13e40ab836521,2002 Honda Cr-V,NG-479319,2002," 207,544 Km",Nigerian Used,"₦ 700,000"
5eb697a1bbb13e40ab836522,2003 Toyota Camry,NG-479325,2003," 249,581 Km",Nigerian Used,"₦ 757,500"
5eb697a1bbb13e40ab836523,2005 Hyundai Tucson,NG-479153,2005," 96,360 Km",Nigerian Used,"₦ 642,500"
5eb697a2bbb13e40ab836524,2008 Toyota Corolla,NG-479318,2008," 73,024 Km",Nigerian Used,"₦ 682,750"
5eb697a2bbb13e40ab836525,2003 Toyota Camry,NG-479294,2003, 231 Km,Foreign Used,"₦ 1,505,000"
5eb697a2bbb13e40ab836526,2003 Toyota Camry,NG-479157,2003," 265,045 Km",Nigerian Used,"₦ 930,000"
5eb697a3bbb13e40ab836527,2015 Honda Accord Crosstour,NG-479118,2015," 84,438 Km",Foreign Used,"₦ 5,300,000"
5eb697a3bbb13e40ab836528,2008 Honda Accord,NG-479141,2008," 173,928 Km",Nigerian Used,"₦ 815,000"
5eb697a3bbb13e40ab836529,2001 Toyota Highlander,NG-459257,2001," 233,848 Km",Nigerian Used,"₦ 980,000"
5eb697a3bbb13e40ab83652a,2012 Toyota Highlander,NG-453520,2012," 44,262 Km",Nigerian Used,"₦ 2,500,000"
5eb697a4bbb13e40ab83652b,1999 Toyota Camry,NG-479127,1999," 182,672 Km",Nigerian Used,"₦ 700,000"
5eb697a4bbb13e40ab83652c,2007 Toyota Camry,NG-447995,2007," 255,053 Km",Nigerian Used,"₦ 1,000,000"
5eb697a4bbb13e40ab83652d,2008 Nissan Qashqai,NG-446960,2008," 129,234 Km",Nigerian Used,"₦ 1,100,000"
5eb697a4bbb13e40ab83652e,2006 Acura Mdx,NG-479131,2006," 113,602 Km",Foreign Used,"₦ 2,080,000"
5eb697a4bbb13e40ab83652f,2004 Toyota Corolla,NG-479139,2004," 63,159 Km",Nigerian Used,"₦ 1,160,000"
5eb697a5bbb13e40ab836530,2008 Lexus Is,NG-479146,2008," 82,774 Km",Nigerian Used,"₦ 2,080,000"
5eb697a5bbb13e40ab836531,2007 Dodge Caliber,NG-479125,2007," 160,363 Km",Nigerian Used,"₦ 585,000"
5eb697a5bbb13e40ab836532,2011 Mazda Cx-9,NG-479108,2011," 122,405 Km",Foreign Used,"₦ 4,610,000"
5eb697a6bbb13e40ab836533,2002 Honda Civic,NG-479119,2002," 183,246 Km",Nigerian Used,"₦ 470,000"
5eb697a6bbb13e40ab836534,2008 Toyota Yaris,NG-479084,2008," 145,258 Km",Foreign Used,"₦ 1,735,000"
5eb697a6bbb13e40ab836535,2002 Acura Tl,NG-479107,2002," 210,468 Km",Nigerian Used,"₦ 337,750"
5eb697a6bbb13e40ab836536,1997 Toyota Camry,NG-479071,1997," 121,958 Km",Nigerian Used,"₦ 297,500"
5eb697a6bbb13e40ab836537,2000 Honda Accord,NG-479089,2000," 220,304 Km",Nigerian Used,"₦ 700,000"
5eb697a6bbb13e40ab836538,2001 Nissan Pathfinder,NG-479078,2001," 154,514 Km",Nigerian Used,"₦ 493,000"
5eb697a7bbb13e40ab836539,2011 Hyundai Genesis,NG-436413,2011," 214,757 Km",Foreign Used,"₦ 3,460,000"
5eb697a7bbb13e40ab83653a,2004 Honda Accord,NG-478805,2004," 139,953 Km",Nigerian Used,"₦ 815,000"
5eb697a7bbb13e40ab83653b,2014 Volkswagen Polo,NG-428926,2014," 69,618 Km",Nigerian Used,"₦ 1,045,000"
5eb697a7bbb13e40ab83653c,,,,,,
5eb697a7bbb13e40ab83653d,2003 Toyota Highlander,NG-478884,2003," 98,466 Km",Nigerian Used,"₦ 757,500"
5eb697a8bbb13e40ab83653e,2009 Honda Accord,NG-478802,2009," 85,597 Km",Nigerian Used,"₦ 1,965,000"
5eb697a8bbb13e40ab83653f,2005 Toyota Sienna,NG-478752,2005," 172,891 Km",Foreign Used,"₦ 2,310,000"
5eb697a8bbb13e40ab836540,2013 Honda Accord,NG-478797,2013," 97,240 Km",Nigerian Used,"₦ 3,460,000"
5eb697a8bbb13e40ab836541,2008 Honda Accord,NG-478804,2008," 261,895 Km",Nigerian Used,"₦ 1,620,000"
5eb697aabbb13e40ab836542,2008 Toyota Corolla,NG-478800,2008," 151,596 Km",Nigerian Used,"₦ 930,000"
5eb697aabbb13e40ab836543,2006 Toyota Corolla,NG-477465,2006," 195,755 Km",Foreign Used,"₦ 2,022,500"
5eb697aabbb13e40ab836544,2005 Nissan Frontier,NG-478796,2005," 207,129 Km",Nigerian Used,"₦ 1,965,000"
5eb697abbbb13e40ab836545,2003 Honda Accord,NG-478750,2003," 171,689 Km",Nigerian Used,"₦ 700,000"
5eb697abbbb13e40ab836546,2004 Mercedes-Benz E320,NG-478740,2004," 162,262 Km",Nigerian Used,"₦ 987,500"
5eb697abbbb13e40ab836547,2009 Toyota Corolla,NG-478744,2009," 82,200 Km",Foreign Used,"₦ 2,770,000"
5eb697abbbb13e40ab836548,2000 Toyota Camry,NG-478420,2000," 137,540 Km",Nigerian Used,"₦ 527,500"
5eb697abbbb13e40ab836549,2008 Toyota Yaris,NG-478546,2008," 170,000 Km",Nigerian Used,"₦ 355,000"
5eb697abbbb13e40ab83654a,2006 Toyota Corolla,NG-478029,2006," 258,070 Km",Foreign Used,"₦ 2,196,500"
5eb697acbbb13e40ab83654b,2004 Toyota Corolla,NG-478032,2004," 281,442 Km",Foreign Used,"₦ 1,966,500"
5eb697afbbb13e40ab83654c,2005 Toyota Sienna,NG-478588,2005," 88,780 Km",Nigerian Used,"₦ 1,390,000"
5eb697afbbb13e40ab83654d,2011 Toyota Camry,NG-478579,2011," 619,852 Km",Foreign Used,"₦ 2,310,000"
5eb697b0bbb13e40ab83654e,2001 Toyota Camry,NG-478584,2001," 152,935 Km",Nigerian Used,"₦ 585,000"
5eb697b0bbb13e40ab83654f,1999 Nissan Pathfinder,NG-478568,1999," 282,328 Km",Nigerian Used,"₦ 470,000"
5eb697b0bbb13e40ab836550,2001 Nissan Almera,NG-478570,2001," 61,975 Km",Nigerian Used,"₦ 240,000"
5eb697b0bbb13e40ab836551,2012 Hyundai Sonata,NG-330012,2012," 138,640 Km",Nigerian Used,"₦ 1,661,000"
5eb697b1bbb13e40ab836552,1999 Lexus Rx 300,NG-478412,1999," 214,774 Km",Nigerian Used,"₦ 670,000"
5eb697b1bbb13e40ab836553,2008 Hyundai Sonata,NG-467792,2008," 78,672 Km",Nigerian Used,"₦ 1,771,000"
5eb697b1bbb13e40ab836554,2008 Toyota Corolla,NG-445835,2008," 145,527 Km",Nigerian Used,"₦ 1,551,000"
5eb697b1bbb13e40ab836555,2000 Lexus Rx 300,NG-463405,2000," 264,616 Km",Nigerian Used,"₦ 891,000"
5eb697b2bbb13e40ab836556,,,,,,
5eb697b2bbb13e40ab836557,2008 Toyota Corolla,NG-446493,2008," 177,514 Km",Nigerian Used,"₦ 1,551,000"
5eb697b3bbb13e40ab836558,2004 Toyota Sienna,NG-478229,2004," 279,463 Km",Foreign Used,"₦ 2,080,000"
5eb697b3bbb13e40ab836559,2010 Toyota Camry,NG-478048,2010," 613,042 Km",Foreign Used,"₦ 3,000,000"
5eb697b3bbb13e40ab83655a,2010 Dodge Avenger,NG-478036,2010," 50,172 Km",Nigerian Used,"₦ 815,000"
5eb697b3bbb13e40ab83655b,2012 Mercedes-Benz Ml350,NG-476156,2012," 107,068 Km",Nigerian Used,"₦ 6,910,000"
5eb697b4bbb13e40ab83655c,2008 Toyota Highlander,NG-478024,2008," 69,734 Km",Nigerian Used,"₦ 3,517,500"
5eb697b4bbb13e40ab83655d,2006 Peugeot 407,NG-477928,2006," 112,652 Km",Foreign Used,"₦ 1,562,500"
5eb697b4bbb13e40ab83655e,2009 Honda Accord,NG-459356,2009," 12,345 Km",Nigerian Used,"₦ 1,217,500"
5eb697b4bbb13e40ab83655f,1998 Mazda 626,NG-477926,1998," 242,338 Km",Nigerian Used,"₦ 297,500"
5eb697b4bbb13e40ab836560,2001 Toyota Corolla,NG-476167,2001," 296,525 Km",Nigerian Used,"₦ 412,500"
5eb697b5bbb13e40ab836561,2005 Toyota Avalon,NG-477770,2005," 192,453 Km",Nigerian Used,"₦ 1,390,000"
5eb697b5bbb13e40ab836562,2006 Honda Cr-V,NG-461210,2006," 389,035 Km",Foreign Used,"₦ 1,850,000"
5eb697b5bbb13e40ab836563,2005 Honda Accord,NG-462245,2005," 185,107 Km",Nigerian Used,"₦ 412,500"
5eb697b5bbb13e40ab836564,2003 Nissan Altima,NG-477487,2003," 197,348 Km",Nigerian Used,"₦ 562,000"
5eb697b5bbb13e40ab836565,2006 Toyota Camry,NG-477477,2006," 190,022 Km",Nigerian Used,"₦ 930,000"
5eb697b6bbb13e40ab836566,1997 Nissan Primera,NG-476173,1997," 234,781 Km",Nigerian Used,"₦ 332,000"
5eb697b6bbb13e40ab836567,2006 Nissan Pathfinder,NG-476322,2006," 167,790 Km",Nigerian Used,"₦ 1,976,500"
5eb697b6bbb13e40ab836568,2002 Infiniti G,NG-476324,2002," 93,872 Km",Nigerian Used,"₦ 378,000"
5eb697b6bbb13e40ab836569,2009 Toyota Corolla,NG-461391,2009," 171,836 Km",Foreign Used,"₦ 2,919,500"
5eb697b7bbb13e40ab83656a,2016 Toyota Avalon,NG-476314,2016," 48,655 Km",Nigerian Used,"₦ 4,610,000"
5eb697b7bbb13e40ab83656b,,,,,,
5eb697b7bbb13e40ab83656c,2006 Kia Sorento,NG-476308,2006," 177,034 Km",Nigerian Used,"₦ 240,000"
5eb697b8bbb13e40ab83656d,2000 Honda Cr-V,NG-476300,2000," 202,452 Km",Nigerian Used,"₦ 343,500"
5eb697b8bbb13e40ab83656e,2006 Kia Sportage,NG-476164,2006," 158,025 Km",Nigerian Used,"₦ 562,000"
5eb697b8bbb13e40ab83656f,1997 Chrysler Town & Country,NG-475988,1997," 169,778 Km",Nigerian Used,"₦ 412,500"
5eb697b9bbb13e40ab836570,1999 Honda Cr-V,NG-474858,1999," 158,358 Km",Nigerian Used,"₦ 585,000"
5eb697b9bbb13e40ab836571,2005 Acura Mdx,NG-474708,2005," 121,929 Km",Nigerian Used,"₦ 1,010,500"
5eb697b9bbb13e40ab836572,1998 Volkswagen Passat,NG-425251,1998," 306,748 Km",Nigerian Used,"₦ 471,500"
5eb697b9bbb13e40ab836573,2000 Pontiac Grand Prix,NG-464626,2000," 175,952 Km",Foreign Used,"₦ 356,500"
5eb697b9bbb13e40ab836574,2004 Honda Pilot,NG-454572,2004," 118,057 Km",Nigerian Used,"₦ 816,500"
5eb697b9bbb13e40ab836575,2009 Toyota Camry,NG-451611,2009," 158,836 Km",Nigerian Used,"₦ 1,391,500"
5eb697babbb13e40ab836576,2003 Honda Accord,NG-428922,2003," 140,346 Km",Nigerian Used,"₦ 586,500"
5eb697babbb13e40ab836577,2012 Great Wall Voleex,NG-473488,2012," 161,946 Km",Nigerian Used,"₦ 585,000"
5eb697babbb13e40ab836578,2005 Lexus Es,NG-468906,2005," 90,162 Km",Foreign Used,"₦ 2,080,000"
5eb697bbbbb13e40ab836579,1998 Volvo V70,NG-472537,1998," 107,222 Km",Nigerian Used,"₦ 470,000"
5eb697bcbbb13e40ab83657a,1996 Opel Vectra,NG-473285,1996," 254,199 Km",Nigerian Used,"₦ 527,500"
5eb697bcbbb13e40ab83657b,2005 BMW X3,NG-473287,2005," 123,569 Km",Nigerian Used,"₦ 1,047,875"
5eb697bcbbb13e40ab83657c,2006 Hyundai Sonata,NG-472981,2006," 860,764 Km",Nigerian Used,"₦ 585,000"
5eb697bcbbb13e40ab83657d,2009 Toyota Corolla,NG-472980,2009," 145,427 Km",Nigerian Used,"₦ 1,505,000"
5eb697bcbbb13e40ab83657e,2017 GAC GA3-S,NG-472978,2017," 7,148 Km",Nigerian Used,"₦ 3,460,000"
5eb697bdbbb13e40ab83657f,2006 Toyota Rav4,NG-472875,2006," 142,453 Km",Nigerian Used,"₦ 1,562,500"
5eb697bfbbb13e40ab836580,2013 Nissan Sentra,NG-472831,2013," 176,343 Km",Nigerian Used,"₦ 2,310,000"
5eb697bfbbb13e40ab836581,2000 Nissan Xterra,NG-472832,2000," 153,065 Km",Nigerian Used,"₦ 527,500"
5eb697c0bbb13e40ab836582,2010 Toyota Camry,NG-472549,2010," 118,657 Km",Nigerian Used,"₦ 2,540,000"
5eb697c1bbb13e40ab836583,2005 Toyota Corolla,NG-472333,2005," 225,330 Km",Nigerian Used,"₦ 1,505,000"
5eb697c1bbb13e40ab836584,2018 Toyota Corolla,NG-472323,2018," 3,814 Km",Foreign Used,"₦ 10,360,000"
5eb697c1bbb13e40ab836585,2016 Toyota Corolla,NG-472319,2016," 41,649 Km",Foreign Used,"₦ 5,185,000"
5eb697c1bbb13e40ab836586,2012 Kia Rio,NG-472332,2012," 121,164 Km",Nigerian Used,"₦ 700,000"
5eb697c1bbb13e40ab836587,2002 Honda Accord,NG-472111,2002, 1 Km,Nigerian Used,"₦ 447,000"
5eb697c4bbb13e40ab836588,2006 Volvo Xc90,NG-472046,2006," 149,487 Km",Foreign Used,"₦ 2,425,000"
5eb697c5bbb13e40ab836589,2005 Nissan Altima,NG-470332,2005," 190,726 Km",Nigerian Used,"₦ 560,000"
5eb697c5bbb13e40ab83658a,2003 Toyota Matrix,NG-471741,2003," 179,089 Km",Nigerian Used,"₦ 1,217,500"
5eb697c6bbb13e40ab83658b,2010 Toyota Corolla,NG-471734,2010," 125,130 Km",Nigerian Used,"₦ 1,792,500"
5eb697c6bbb13e40ab83658c,2006 Honda Accord,NG-471289,2006," 297,484 Km",Nigerian Used,"₦ 700,000"
5eb697c6bbb13e40ab83658d,2003 Toyota Camry,NG-471282,2003," 260,321 Km",Nigerian Used,"₦ 849,500"
5eb697c6bbb13e40ab83658e,2014 Acura Mdx,NG-427387,2014," 67,197 Km",Nigerian Used,"₦ 4,500,000"
5eb697c6bbb13e40ab83658f,2007 Toyota Sienna,NG-442678,2007," 127,641 Km",Foreign Used,"₦ 1,750,000"
5eb697c6bbb13e40ab836590,2009 Honda Pilot,NG-433772,2009," 60,255 Km",Nigerian Used,"₦ 1,768,077"
5eb697c7bbb13e40ab836591,2008 Toyota Rav4,NG-436504,2008," 65,388 Km",Nigerian Used,"₦ 1,600,000"
5eb697c7bbb13e40ab836592,2011 Ford Edge,NG-438680,2011," 175,486 Km",Nigerian Used,"₦ 2,314,018"
5eb697c7bbb13e40ab836593,2008 Mercedes-Benz C300,NG-445726,2008," 134,002 Km",Nigerian Used,"₦ 1,250,000"
5eb697c7bbb13e40ab836594,2005 Toyota Sienna,NG-439721,2005," 167,865 Km",Nigerian Used,"₦ 852,555"
5eb697c8bbb13e40ab836595,2006 Kia Sorento,NG-470341,2006," 194,097 Km",Nigerian Used,"₦ 1,735,000"
5eb697c8bbb13e40ab836596,2005 Peugeot 407,NG-466164,2005," 228,099 Km",Nigerian Used,"₦ 987,500"
5eb697c8bbb13e40ab836597,2010 Toyota Corolla,NG-469753,2010," 103,870 Km",Nigerian Used,"₦ 2,310,000"
5eb697c8bbb13e40ab836598,2014 Mercedes-Benz E350,NG-469435,2014," 7,800 Km",Foreign Used,"₦ 8,635,000"
5eb697c9bbb13e40ab836599,2000 Honda Odyssey,NG-469429,2000," 168,564 Km",Nigerian Used,"₦ 470,000"
5eb697c9bbb13e40ab83659a,2008 Peugeot 307,NG-469427,2008," 755,271 Km",Nigerian Used,"₦ 930,000"
5eb697c9bbb13e40ab83659b,2006 Toyota Camry,NG-469421,2006," 96,145 Km",Nigerian Used,"₦ 1,045,000"
5eb697cabbb13e40ab83659c,2005 Peugeot 407,NG-469397,2005," 257,557 Km",Nigerian Used,"₦ 700,000"
5eb697cabbb13e40ab83659d,2018 Toyota Highlander,NG-469411,2018," 6,324 Km",Nigerian Used,"₦ 13,810,000"
5eb697cabbb13e40ab83659e,2010 Toyota Corolla,NG-468910,2010," 122,859 Km",Nigerian Used,"₦ 1,620,000"
5eb697cabbb13e40ab83659f,2009 Honda Civic,NG-468913,2009," 203,706 Km",Nigerian Used,"₦ 700,000"
5eb697cabbb13e40ab8365a0,2003 Toyota Corolla,NG-468914,2003," 94,904 Km",Nigerian Used,"₦ 1,160,000"
5eb697cabbb13e40ab8365a1,2005 Toyota Corolla,NG-468677,2005," 281,867 Km",Foreign Used,"₦ 1,965,000"
5eb697cbbbb13e40ab8365a2,2012 Toyota Sienna,NG-468911,2012," 142,714 Km",Nigerian Used,"₦ 4,955,000"
5eb697cbbbb13e40ab8365a3,2004 Toyota 4Runner,NG-468907,2004," 158,659 Km",Nigerian Used,"₦ 1,620,000"
5eb697cbbbb13e40ab8365a4,2008 Hyundai Accent,NG-468908,2008," 161,891 Km",Nigerian Used,"₦ 585,000"
5eb697ccbbb13e40ab8365a5,2001 Toyota Camry,NG-468673,2001," 166,555 Km",Nigerian Used,"₦ 816,500"
5eb697ccbbb13e40ab8365a6,2001 Nissan Frontier,NG-468896,2001," 110,138 Km",Nigerian Used,"₦ 930,000"
5eb697ccbbb13e40ab8365a7,2013 Toyota Venza,NG-468437,2013," 104,139 Km",Foreign Used,"₦ 5,760,000"
5eb697ccbbb13e40ab8365a8,2002 Toyota Sienna,NG-468310,2002," 108,545 Km",Nigerian Used,"₦ 931,500"
5eb697cdbbb13e40ab8365a9,2000 Lexus Rx 300,NG-468334,2000," 40,151 Km",Nigerian Used,"₦ 930,000"
5eb697cdbbb13e40ab8365aa,2003 Honda Pilot,NG-468672,2003," 223,669 Km",Nigerian Used,"₦ 930,000"
5eb697cdbbb13e40ab8365ab,2002 Mercedes-Benz C320,NG-468665,2002," 196,125 Km",Nigerian Used,"₦ 700,000"
5eb697cdbbb13e40ab8365ac,2008 Mercedes-Benz C300,NG-468664,2008," 168,915 Km",Nigerian Used,"₦ 2,655,000"
5eb697cdbbb13e40ab8365ad,2000 Peugeot 406,NG-468662,2000," 192,497 Km",Nigerian Used,"₦ 297,500"
5eb697cebbb13e40ab8365ae,2006 Nissan Altima,NG-468644,2006," 151,928 Km",Foreign Used,"₦ 1,390,000"
5eb697cebbb13e40ab8365af,2005 Lexus Gx,NG-468667,2005," 1,103,098 Km",Nigerian Used,"₦ 5,760,000"
5eb697cebbb13e40ab8365b0,2015 Toyota Avalon,NG-468654,2015," 30,831 Km",Nigerian Used,"₦ 8,060,000"
5eb697cebbb13e40ab8365b1,2003 Lexus Gx,NG-468396,2003," 85,187 Km",Nigerian Used,"₦ 2,310,000"
5eb697cebbb13e40ab8365b2,2006 Lexus Gs,NG-467794,2006," 145,173 Km",Foreign Used,"₦ 2,885,000"
5eb697cfbbb13e40ab8365b3,,,,,,
5eb697cfbbb13e40ab8365b4,2007 Toyota Camry,NG-468378,2007," 71,127 Km",Nigerian Used,"₦ 1,735,000"
5eb697cfbbb13e40ab8365b5,2009 Kia Sportage,NG-468405,2009," 222,904 Km",Nigerian Used,"₦ 930,000"
5eb697cfbbb13e40ab8365b6,2005 Toyota Corolla,NG-468319,2005," 214,085 Km",Foreign Used,"₦ 2,195,000"
5eb697cfbbb13e40ab8365b7,2003 Infiniti Fx,NG-468316,2003," 193,597 Km",Nigerian Used,"₦ 585,000"
5eb697cfbbb13e40ab8365b8,2006 Mercedes-Benz Ml350,NG-467650,2006," 181,464 Km",Foreign Used,"₦ 5,530,000"
5eb697d0bbb13e40ab8365b9,2007 Toyota Corolla,NG-468318,0000," 275,592 Km",Nigerian Used,"₦ 1,735,000"
5eb697d0bbb13e40ab8365ba,,,,,,
5eb697d0bbb13e40ab8365bb,2006 BMW X5,NG-468282,2006," 217,681 Km",Nigerian Used,"₦ 1,735,000"
5eb697d1bbb13e40ab8365bc,2003 Honda Accord,NG-467743,2003," 294,298 Km",Nigerian Used,"₦ 586,500"
5eb697d1bbb13e40ab8365bd,2003 Toyota Highlander,NG-467785,2003," 116,954 Km",Foreign Used,"₦ 2,541,500"
5eb697d1bbb13e40ab8365be,2002 Mercedes-Benz C200,NG-467790,2002," 128,920 Km",Nigerian Used,"₦ 527,500"
5eb697d1bbb13e40ab8365bf,2015 Toyota Corolla,NG-467754,2015," 72,064 Km",Foreign Used,"₦ 5,186,500"
5eb697d1bbb13e40ab8365c0,2003 Honda Accord,NG-467807,2003," 208,537 Km",Nigerian Used,"₦ 642,500"
5eb697d2bbb13e40ab8365c1,2011 Mercedes-Benz E550,NG-463529,2011," 92,122 Km",Nigerian Used,"₦ 3,310,000"
5eb697d2bbb13e40ab8365c2,2014 Toyota Corolla,NG-465452,2014," 28,654 Km",Foreign Used,"₦ 5,000,000"
5eb697d2bbb13e40ab8365c3,2011 Kia Rio,NG-467786,2011," 146,025 Km",Nigerian Used,"₦ 642,500"
5eb697d7bbb13e40ab8365c4,Lexus Rx 350 2007,NG-467787,2007," 208,714 Km",Nigerian Used,"₦ 1,677,500"
5eb697d7bbb13e40ab8365c5,2006 Honda Pilot,NG-467739,2006," 189,655 Km",Nigerian Used,"₦ 1,390,000"
5eb697d7bbb13e40ab8365c6,2005 Toyota Highlander,NG-467769,2005," 120,376 Km",Foreign Used,"₦ 2,195,000"
5eb697d8bbb13e40ab8365c7,2013 Mercedes-Benz Ml350,NG-467793,2013," 51,095 Km",Foreign Used,"₦ 11,510,000"
5eb697d8bbb13e40ab8365c8,2005 Volvo Xc90,NG-467788,2005," 177,811 Km",Nigerian Used,"₦ 1,160,000"
5eb697d8bbb13e40ab8365c9,2012 Toyota Highlander,NG-467778,2012," 53,157 Km",Nigerian Used,"₦ 4,035,000"
5eb697d9bbb13e40ab8365ca,2012 Toyota Corolla,NG-467782,2012," 112,665 Km",Foreign Used,"₦ 3,460,000"
5eb697d9bbb13e40ab8365cb,2006 Honda Pilot,NG-467775,2006," 110,278 Km",Nigerian Used,"₦ 1,597,000"
5eb697d9bbb13e40ab8365cc,2001 Jaguar S-Type,NG-467761,2001," 120,929 Km",Nigerian Used,"₦ 297,500"
5eb697d9bbb13e40ab8365cd,2013 Mercedes-Benz Glk350,NG-467759,2013," 18,774 Km",Foreign Used,"₦ 5,760,000"
5eb697dabbb13e40ab8365ce,2003 Mercedes-Benz C240,NG-467732,2003," 181,079 Km",Nigerian Used,"₦ 1,045,000"
5eb697dbbbb13e40ab8365cf,2011 Kia Sorento,NG-324482,2011," 118,852 Km",Nigerian Used,"₦ 1,120,000"
5eb697dbbbb13e40ab8365d0,2003 Toyota Corolla,NG-466181,2003," 167,160 Km",Foreign Used,"₦ 1,735,000"
5eb697dbbbb13e40ab8365d1,2008 Lexus Rx,NG-467757,2008," 105,859 Km",Nigerian Used,"₦ 2,885,000"
5eb697dcbbb13e40ab8365d2,2009 Hyundai Elantra,NG-467744,2009," 124,352 Km",Nigerian Used,"₦ 976,000"
5eb697dcbbb13e40ab8365d3,2005 BMW X5,NG-467174,2005," 156,402 Km",Foreign Used,"₦ 1,735,000"
5eb697dcbbb13e40ab8365d4,1999 Mazda 626,NG-462098,1999," 192,128 Km",Nigerian Used,"₦ 503,100"
5eb697dcbbb13e40ab8365d5,2005 Nissan Pathfinder,NG-467733,2005," 100,896 Km",Nigerian Used,"₦ 1,045,000"
5eb697dcbbb13e40ab8365d6,2006 Lexus RX 400,NG-467751,2006," 155,167 Km",Nigerian Used,"₦ 1,735,000"
5eb697ddbbb13e40ab8365d7,2015 Toyota Highlander,NG-467729,2015," 9,240 Km",Nigerian Used,"₦ 10,273,750"
5eb697ddbbb13e40ab8365d8,2006 Nissan Altima,NG-467726,2006," 106,316 Km",Nigerian Used,"₦ 815,000"
5eb697ddbbb13e40ab8365d9,Jaguar S-Type 2002,NG-467637,2002," 244,904 Km",Nigerian Used,"₦ 1,735,000"
5eb697ddbbb13e40ab8365da,2005 Toyota Avalon,NG-461736,2005," 85,221 Km",Foreign Used,"₦ 2,210,000"
5eb697debbb13e40ab8365db,2007 Jaguar Xj,NG-467644,2007," 33,506 Km",Nigerian Used,"₦ 3,460,000"
5eb697debbb13e40ab8365dc,2013 Volkswagen Passat,NG-467648,2013," 64,230 Km",Foreign Used,"₦ 4,611,500"
5eb697debbb13e40ab8365dd,2013 Lexus Gs,NG-467646,2013," 56,819 Km",Foreign Used,"₦ 6,681,500"
5eb697debbb13e40ab8365de,Suzuki Grand Vitara 2007,NG-467602,2007," 75,457 Km",Nigerian Used,"₦ 575,500"
5eb697debbb13e40ab8365df,2008 Volkswagen Passat,NG-467599,2008," 107,202 Km",Nigerian Used,"₦ 644,000"
5eb697dfbbb13e40ab8365e0,2007 Mercedes-Benz Ml350,NG-467594,2007," 180,843 Km",Nigerian Used,"₦ 2,829,000"
5eb697dfbbb13e40ab8365e1,2006 Honda Accord,NG-467539,2006," 185,803 Km",Nigerian Used,"₦ 816,500"
5eb697dfbbb13e40ab8365e2,,,,,,
5eb697dfbbb13e40ab8365e3,2007 Lexus Es 350,NG-467633,2007," 136,326 Km",Nigerian Used,"₦ 2,771,500"
5eb697dfbbb13e40ab8365e4,2003 Honda Civic,NG-467652,2003," 196,744 Km",Nigerian Used,"₦ 451,000"
5eb697dfbbb13e40ab8365e5,2013 Toyota Venza,NG-467607,2013," 72,850 Km",Nigerian Used,"₦ 3,634,000"
5eb697e0bbb13e40ab8365e6,2014 Kia Rio,NG-467643,2014," 77,474 Km",Nigerian Used,"₦ 1,390,000"
5eb697e0bbb13e40ab8365e7,2005 BMW X3,NG-467544,2005," 176,765 Km",Nigerian Used,"₦ 1,736,500"
5eb697e0bbb13e40ab8365e8,2010 Jeep Liberty,NG-467613,2010," 91,365 Km",Foreign Used,"₦ 2,426,500"
5eb697e0bbb13e40ab8365e9,2011 Toyota Camry,NG-467623,2011," 70,459 Km",Nigerian Used,"₦ 1,736,500"
5eb697e0bbb13e40ab8365ea,2003 Toyota Tundra,NG-467616,2003," 169,897 Km",Foreign Used,"₦ 2,655,000"
5eb697e1bbb13e40ab8365eb,2006 Toyota Matrix,NG-467575,2006," 223,901 Km",Foreign Used,"₦ 1,219,000"
5eb697e1bbb13e40ab8365ec,2004 Nissan Murano,NG-467563,2004," 190,223 Km",Nigerian Used,"₦ 471,500"
5eb697e1bbb13e40ab8365ed,2012 Nissan Altima,NG-467649,2012," 152,934 Km",Nigerian Used,"₦ 1,102,500"
5eb697e1bbb13e40ab8365ee,2006 Toyota Matrix,NG-467625,2006," 154,839 Km",Nigerian Used,"₦ 1,276,500"
5eb697e1bbb13e40ab8365ef,2006 Honda Accord,NG-465357,2006," 97,835 Km",Nigerian Used,"₦ 835,000"
5eb697e2bbb13e40ab8365f0,2014 Toyota Corolla,NG-467657,2014," 138,695 Km",Nigerian Used,"₦ 2,310,000"
5eb697e2bbb13e40ab8365f1,2014 Toyota Camry,NG-467653,2014," 131,354 Km",Nigerian Used,"₦ 2,540,000"
5eb697e2bbb13e40ab8365f2,2008 Land Rover Range Rover Sport,NG-467605,2008," 60,316 Km",Nigerian Used,"₦ 4,410,000"
5eb697e2bbb13e40ab8365f3,2007 Ford Edge,NG-467598,2007," 247,966 Km",Nigerian Used,"₦ 1,506,500"
5eb697e2bbb13e40ab8365f4,2004 Honda Accord,NG-466995,2004," 242,019 Km",Nigerian Used,"₦ 688,850"
5eb697e2bbb13e40ab8365f5,2012 Infiniti Fx,NG-467029,2012," 51,688 Km",Nigerian Used,"₦ 2,886,500"
5eb697e3bbb13e40ab8365f6,2005 Nissan Primera,NG-467071,2005," 155,726 Km",Nigerian Used,"₦ 356,500"
5eb697e3bbb13e40ab8365f7,2009 Chrysler 300,NG-467051,2009," 53,735 Km",Nigerian Used,"₦ 1,161,500"
5eb697e3bbb13e40ab8365f8,2004 Honda Accord,NG-467022,2004," 119,532 Km",Nigerian Used,"₦ 506,000"
5eb697e3bbb13e40ab8365f9,2004 Honda Accord,NG-467034,2004," 138,272 Km",Foreign Used,"₦ 1,161,500"
5eb697e3bbb13e40ab8365fa,2003 Nissan Xterra,NG-467002,2003," 121,595 Km",Nigerian Used,"₦ 500,250"
5eb697e4bbb13e40ab8365fb,2011 Honda INSIGHT,NG-467052,2011," 67,963 Km",Nigerian Used,"₦ 2,311,500"
5eb697e4bbb13e40ab8365fc,2012 Honda Cr-V,NG-467044,2012," 109,820 Km",Nigerian Used,"₦ 2,484,000"
5eb697e4bbb13e40ab8365fd,2010 Acura Tl,NG-467045,2010," 132,570 Km",Nigerian Used,"₦ 1,736,500"
5eb697e4bbb13e40ab8365fe,2008 Ford Edge,NG-467031,2008," 163,226 Km",Nigerian Used,"₦ 1,851,500"
5eb697e4bbb13e40ab8365ff,2003 Toyota Camry,NG-466994,2003," 225,400 Km",Nigerian Used,"₦ 989,000"
5eb697e7bbb13e40ab836600,2006 Toyota 4Runner,NG-467017,2006," 104,463 Km",Nigerian Used,"₦ 759,000"
5eb697e7bbb13e40ab836601,,,,,,
5eb697e7bbb13e40ab836602,2004 Ford Explorer,NG-467036,2004," 211,997 Km",Nigerian Used,"₦ 874,000"
5eb697e7bbb13e40ab836603,2007 Toyota Camry,NG-467057,2007," 48,286 Km",Nigerian Used,"₦ 1,736,500"
5eb697e8bbb13e40ab836604,2000 Toyota Camry,NG-467080,2000," 174,888 Km",Nigerian Used,"₦ 585,000"
5eb697e8bbb13e40ab836605,2004 Volvo Xc90,NG-466991,2004," 170,830 Km",Nigerian Used,"₦ 987,500"
5eb697e8bbb13e40ab836606,2008 Toyota Sequoia,NG-467003,2008," 78,744 Km",Nigerian Used,"₦ 2,886,500"
5eb697e8bbb13e40ab836607,2009 Nissan X-Trail,NG-467039,2009," 103,388 Km",Nigerian Used,"₦ 1,736,500"
5eb697e9bbb13e40ab836608,,,,,,
5eb697e9bbb13e40ab836609,1995 Nissan Serena,NG-467010,1995," 99,263 Km",Nigerian Used,"₦ 356,500"
5eb697e9bbb13e40ab83660a,2012 Land Rover Range Rover Sport,NG-467035,2012," 91,128 Km",Foreign Used,"₦ 7,486,500"
5eb697ebbbb13e40ab83660b,2007 Toyota Camry,NG-467006,2007," 174,134 Km",Nigerian Used,"₦ 1,391,500"
5eb697ecbbb13e40ab83660c,2002 Honda Odyssey,NG-466983,2002," 165,996 Km",Foreign Used,"₦ 1,529,500"
5eb697ecbbb13e40ab83660d,2005 Lexus RX400,NG-466985,2005," 242,934 Km",Nigerian Used,"₦ 2,885,000"
5eb697ecbbb13e40ab83660e,2002 Lexus Es,NG-466981,2002," 174,811 Km",Foreign Used,"₦ 1,909,000"
5eb697ecbbb13e40ab83660f,2011 Toyota Corolla,NG-466973,2011," 113,933 Km",Nigerian Used,"₦ 1,794,000"
5eb697ecbbb13e40ab836610,2004 Peugeot 307,NG-466986,2004," 101,055 Km",Nigerian Used,"₦ 931,500"
5eb697edbbb13e40ab836611,2008 Toyota Camry,NG-467062,2008," 146,691 Km",Nigerian Used,"₦ 1,334,000"
5eb697edbbb13e40ab836612,2005 Mazda Mpv,NG-466971,2005," 84,220 Km",Foreign Used,"₦ 1,620,000"
5eb697edbbb13e40ab836613,2000 Dodge Ram,NG-466961,2000," 210,731 Km",Nigerian Used,"₦ 989,000"
5eb697eebbb13e40ab836614,2010 Mercedes-Benz Ml350,NG-467009,2010," 130,261 Km",Nigerian Used,"₦ 2,101,000"
5eb697eebbb13e40ab836615,2004 Nissan Xterra,NG-466925,2004," 156,623 Km",Nigerian Used,"₦ 412,500"
5eb697eebbb13e40ab836616,2006 Mercedes-Benz C230,NG-466968,2006," 320,104 Km",Foreign Used,"₦ 1,966,500"
5eb697efbbb13e40ab836617,2004 Peugeot 307,NG-466976,2004," 782,892 Km",Nigerian Used,"₦ 585,000"
5eb697efbbb13e40ab836618,2006 Toyota 4Runner,NG-466966,2006," 128,833 Km",Nigerian Used,"₦ 1,505,000"
5eb697efbbb13e40ab836619,2008 Toyota Camry,NG-466964,2008," 162,104 Km",Nigerian Used,"₦ 1,965,000"
5eb697efbbb13e40ab83661a,2006 Toyota Land Cruiser Prado,NG-466917,2006," 17,050 Km",Nigerian Used,"₦ 2,195,000"
5eb697f0bbb13e40ab83661b,2010 Mercedes-Benz E350,NG-456551,2010," 243,215 Km",Nigerian Used,"₦ 2,870,000"
5eb697f0bbb13e40ab83661c,2000 Lexus Rx 300,NG-466932,2000," 122,153 Km",Nigerian Used,"₦ 1,160,000"
5eb697f0bbb13e40ab83661d,2012 Toyota Camry,NG-466914,2012," 123,425 Km",Nigerian Used,"₦ 3,090,000"
5eb697f0bbb13e40ab83661e,1999 Acura Cl,NG-466959,1999," 142,677 Km",Nigerian Used,"₦ 471,500"
5eb697f1bbb13e40ab83661f,2008 Mercedes-Benz C350,NG-456902,2008," 144,561 Km",Nigerian Used,"₦ 2,322,669"
5eb697f1bbb13e40ab836620,2004 Acura Mdx,NG-466245,2004," 149,643 Km",Nigerian Used,"₦ 529,000"
5eb697f1bbb13e40ab836621,2013 Honda Accord Crosstour,NG-466332,2013," 76,925 Km",Nigerian Used,"₦ 3,201,000"
5eb697f1bbb13e40ab836622,2007 Honda Accord,NG-466232,2007," 129,454 Km",Nigerian Used,"₦ 1,495,000"
5eb697f1bbb13e40ab836623,2004 Acura Tl,NG-466385,2004," 144,557 Km",Nigerian Used,"₦ 530,500"
5eb697f2bbb13e40ab836624,2002 Toyota 4Runner,NG-466239,2002," 141,226 Km",Nigerian Used,"₦ 836,000"
5eb697f2bbb13e40ab836625,2010 Land Rover HSE,NG-466333,2010," 114,950 Km",Nigerian Used,"₦ 4,191,000"
5eb697f2bbb13e40ab836626,2015 Kia Optima,NG-466287,2015," 57,052 Km",Nigerian Used,"₦ 4,411,000"
5eb697f3bbb13e40ab836627,,,,,,
5eb697f3bbb13e40ab836628,2008 Toyota Corolla,NG-466243,2008," 103,541 Km",Nigerian Used,"₦ 671,000"
5eb697f3bbb13e40ab836629,2008 Toyota 4Runner,NG-466320,2008," 366,169 Km",Nigerian Used,"₦ 1,440,000"
5eb697f3bbb13e40ab83662a,2008 Peugeot 407,NG-466369,2008," 166,119 Km",Nigerian Used,"₦ 836,000"
5eb697f3bbb13e40ab83662b,2008 Hyundai Elantra,NG-466312,2008," 133,376 Km",Nigerian Used,"₦ 1,110,000"
5eb697f4bbb13e40ab83662c,2000 Nissan Almera,NG-466307,2000," 177,621 Km",Nigerian Used,"₦ 374,000"
5eb697f4bbb13e40ab83662d,1994 Toyota Rav4,NG-466326,1994," 106,179 Km",Nigerian Used,"₦ 504,500"
5eb697f4bbb13e40ab83662e,2006 Ford Escape,NG-466218,2006," 178,079 Km",Nigerian Used,"₦ 1,111,000"
5eb697f4bbb13e40ab83662f,2010 Mercedes-Benz Glk350,NG-466157,2010," 100,309 Km",Nigerian Used,"₦ 3,530,000"
5eb697f4bbb13e40ab836630,2004 Honda Pilot,NG-465482,2004," 139,193 Km",Nigerian Used,"₦ 615,000"
5eb697f4bbb13e40ab836631,2002 Ford F-150,NG-466168,2002," 220,163 Km",Nigerian Used,"₦ 1,990,000"
5eb697f5bbb13e40ab836632,2007 Nissan Altima,NG-465477,2007," 101,139 Km",Nigerian Used,"₦ 670,000"
5eb697f5bbb13e40ab836633,2005 Nissan Pathfinder,NG-465489,2005," 123,144 Km",Nigerian Used,"₦ 1,330,000"
5eb697f5bbb13e40ab836634,2005 Honda Civic,NG-465463,2005," 170,976 Km",Nigerian Used,"₦ 890,000"
5eb697f5bbb13e40ab836635,2003 Infiniti GX,NG-466125,2003," 209,677 Km",Nigerian Used,"₦ 505,000"
5eb697f5bbb13e40ab836636,2004 BMW X5,NG-465289,2004," 123,307 Km",Nigerian Used,"₦ 945,000"
5eb697f6bbb13e40ab836637,1998 Honda Cr-V,NG-466175,1998," 180,148 Km",Nigerian Used,"₦ 340,000"
5eb697f6bbb13e40ab836638,2006 Mercedes-Benz Ml350,NG-465413,2006," 150,753 Km",Foreign Used,"₦ 3,970,000"
5eb697f6bbb13e40ab836639,2007 Toyota Camry,NG-465498,2007," 96,307 Km",Nigerian Used,"₦ 2,211,000"
5eb697f6bbb13e40ab83663a,2004 Mercedes-Benz E320,NG-466141,2004," 133,773 Km",Nigerian Used,"₦ 1,111,000"
5eb697f6bbb13e40ab83663b,2003 Toyota Highlander,NG-465402,2003," 152,441 Km",Nigerian Used,"₦ 1,440,000"
5eb697f9bbb13e40ab83663c,1998 Toyota Camry,NG-465460,1998," 270,652 Km",Nigerian Used,"₦ 726,000"
5eb697f9bbb13e40ab83663d,2008 Ford Expedition,NG-466227,2008," 84,607 Km",Nigerian Used,"₦ 1,826,000"
5eb697f9bbb13e40ab83663e,2014 Toyota Corolla,NG-465434,2014," 60,820 Km",Nigerian Used,"₦ 3,310,000"
5eb697f9bbb13e40ab83663f,1999 Nissan Quest,NG-466203,1999," 319,488 Km",Nigerian Used,"₦ 395,000"
5eb697fabbb13e40ab836640,2011 Hyundai Elantra,NG-465471,2011," 112,232 Km",Nigerian Used,"₦ 1,661,000"
5eb697fabbb13e40ab836641,2009 Toyota Camry,NG-465474,2009," 207,605 Km",Nigerian Used,"₦ 1,440,000"
5eb697fabbb13e40ab836642,2006 Honda Accord,NG-465447,2006," 204,004 Km",Nigerian Used,"₦ 450,000"
5eb697fbbbb13e40ab836643,2005 Toyota Sienna,NG-465405,2005," 137,973 Km",Nigerian Used,"₦ 891,000"
5eb697fbbbb13e40ab836644,2008 Honda Cr-V,NG-465186,2008," 141,361 Km",Nigerian Used,"₦ 1,991,000"
5eb697fbbbb13e40ab836645,2014 Toyota Corolla,NG-464641,2014," 91,129 Km",Foreign Used,"₦ 4,190,000"
5eb697fbbbb13e40ab836646,2001 Peugeot 807,NG-465404,2001," 165,670 Km",Nigerian Used,"₦ 560,000"
5eb697fbbbb13e40ab836647,2015 Honda Accord,NG-465125,2015," 15,043 Km",Nigerian Used,"₦ 7,160,000"
5eb697fbbbb13e40ab836648,2010 Honda Accord Crosstour,NG-465258,2010," 109,182 Km",Foreign Used,"₦ 3,090,000"
5eb697fcbbb13e40ab836649,2008 Toyota Land Cruiser,NG-465385,2008," 150,813 Km",Nigerian Used,"₦ 8,811,000"
5eb697fcbbb13e40ab83664a,2004 Toyota Sienna,NG-465433,2004," 114,541 Km",Nigerian Used,"₦ 1,221,000"
5eb697fcbbb13e40ab83664b,2011 Toyota Venza,NG-465185,2011," 62,636 Km",Nigerian Used,"₦ 3,861,000"
5eb697fcbbb13e40ab83664c,2003 Toyota Highlander,NG-465212,2003," 178,066 Km",Nigerian Used,"₦ 1,990,000"
5eb697fcbbb13e40ab83664d,2009 Volkswagen Jetta,NG-465205,2009," 154,707 Km",Foreign Used,"₦ 1,990,000"
5eb697fdbbb13e40ab83664e,1994 Honda Accord,NG-465255,1994," 199,528 Km",Nigerian Used,"₦ 125,000"
5eb697fdbbb13e40ab83664f,,,,,,
5eb697fdbbb13e40ab836650,2010 Toyota Rav4,NG-465339,2010," 114,952 Km",Foreign Used,"₦ 3,310,000"
5eb697fdbbb13e40ab836651,2006 Land Rover Range Rover Sport,NG-465410,2006," 138,870 Km",Nigerian Used,"₦ 1,441,000"
5eb697febbb13e40ab836652,1999 Chrysler Town & Country,NG-465305,1999," 146,401 Km",Nigerian Used,"₦ 560,000"
5eb697febbb13e40ab836653,2004 Toyota Camry,NG-464882,2004," 264,251 Km",Nigerian Used,"₦ 1,330,000"
5eb697febbb13e40ab836654,2008 Toyota Avalon,NG-465242,2008," 231,608 Km",Nigerian Used,"₦ 1,440,000"
5eb697febbb13e40ab836655,2010 Mercedes-Benz Ml350,NG-465342,2010," 172,496 Km",Foreign Used,"₦ 4,191,000"
5eb697febbb13e40ab836656,1995 Hyundai Elantra,NG-465170,1995," 262,978 Km",Nigerian Used,"₦ 230,000"
5eb697ffbbb13e40ab836657,2005 BMW 5 Series,NG-465149,2005," 110,280 Km",Foreign Used,"₦ 1,111,000"
5eb697ffbbb13e40ab836658,2010 Mercedes-Benz E350,NG-465298,2010," 63,497 Km",Nigerian Used,"₦ 3,531,000"
5eb69800bbb13e40ab836659,2005 Acura Rl,NG-465418,2005," 151,992 Km",Foreign Used,"₦ 1,331,000"
5eb69800bbb13e40ab83665a,Toyota SCION 2009,NG-463458,2009," 128,067 Km",Foreign Used,"₦ 2,100,000"
5eb69801bbb13e40ab83665b,2007 Mazda Cx-9,NG-465211,2007," 127,043 Km",Foreign Used,"₦ 2,980,000"
5eb69801bbb13e40ab83665c,Toyota Camry 1995,NG-465425,1995," 309,256 Km",Nigerian Used,"₦ 396,000"
5eb69801bbb13e40ab83665d,2007 Nissan Titan,NG-463389,2007," 158,480 Km",Nigerian Used,"₦ 1,990,000"
5eb69801bbb13e40ab83665e,Infiniti G35X 2008,NG-464470,2008," 170,168 Km",Nigerian Used,"₦ 2,210,000"
5eb69802bbb13e40ab83665f,2012 Toyota Avensis,NG-463555,2012," 106,858 Km",Nigerian Used,"₦ 1,660,000"
5eb69802bbb13e40ab836660,2012 Honda Accord,NG-462248,2012," 139,723 Km",Nigerian Used,"₦ 1,560,000"
5eb69802bbb13e40ab836661,2007 Lexus Es 350,NG-464479,2007," 159,464 Km",Nigerian Used,"₦ 2,760,000"
5eb69802bbb13e40ab836662,2010 Honda Accord Crosstour,NG-464547,2010," 167,923 Km",Foreign Used,"₦ 3,200,000"
5eb69803bbb13e40ab836663,2003 Toyota Corolla,NG-464616,2003," 129,092 Km",Nigerian Used,"₦ 1,110,000"
5eb69803bbb13e40ab836664,2004 Honda Accord,NG-464426,2004," 162,675 Km",Foreign Used,"₦ 1,110,000"
5eb69803bbb13e40ab836665,2003 Acura Mdx,NG-464423,2003," 249,699 Km",Nigerian Used,"₦ 450,000"
5eb69803bbb13e40ab836666,2000 Mercedes-Benz Ml320,NG-464607,2000," 279,792 Km",Nigerian Used,"₦ 414,000"
5eb69803bbb13e40ab836667,2007 Toyota Rav4,NG-464578,2007," 170,033 Km",Foreign Used,"₦ 2,540,000"
5eb69803bbb13e40ab836668,2008 Mercedes-Benz C300,NG-464326,2008," 286,597 Km",Foreign Used,"₦ 1,991,000"
5eb69804bbb13e40ab836669,2015 Toyota Camry,NG-464601,2015," 83,390 Km",Nigerian Used,"₦ 5,180,000"
5eb69804bbb13e40ab83666a,2007 Ford Edge,NG-464406,2007," 105,876 Km",Nigerian Used,"₦ 1,000,000"
5eb69804bbb13e40ab83666b,2002 Dodge Durango,NG-464515,2002," 245,513 Km",Nigerian Used,"₦ 561,000"
5eb69804bbb13e40ab83666c,2008 Mercedes-Benz Gl450,NG-464596,2008," 71,436 Km",Nigerian Used,"₦ 3,530,000"
5eb69804bbb13e40ab83666d,2002 Nissan Xterra,NG-464574,2002," 170,886 Km",Nigerian Used,"₦ 450,000"
5eb69804bbb13e40ab83666e,2013 Honda City,NG-464537,2013," 124,811 Km",Nigerian Used,"₦ 1,045,000"
5eb69805bbb13e40ab83666f,2012 Toyota Camry,NG-464595,2012," 112,700 Km",Foreign Used,"₦ 3,874,000"
5eb69805bbb13e40ab836670,2012 Land Rover Range Rover Sport,NG-464469,2012," 93,927 Km",Nigerian Used,"₦ 5,950,000"
5eb69805bbb13e40ab836671,2013 Hyundai Santa Fe,NG-464421,2012," 100,713 Km",Nigerian Used,"₦ 3,287,500"
5eb69805bbb13e40ab836672,2006 Land Rover Range Rover Sport,NG-464410,2006," 108,831 Km",Nigerian Used,"₦ 2,980,000"
5eb69805bbb13e40ab836673,2009 Toyota Venza,NG-464337,2009," 96,846 Km",Nigerian Used,"₦ 3,311,000"
5eb69806bbb13e40ab836674,2005 Nissan Pathfinder,NG-464525,2005," 108,761 Km",Nigerian Used,"₦ 1,220,000"
5eb69806bbb13e40ab836675,2009 Lexus Es,NG-464394,2009," 185,933 Km",Nigerian Used,"₦ 1,880,000"
5eb69806bbb13e40ab836676,1997 Toyota Camry,NG-464532,1997," 227,188 Km",Nigerian Used,"₦ 561,000"
5eb69806bbb13e40ab836677,2005 Toyota Camry,NG-464556,2005," 107,232 Km",Nigerian Used,"₦ 1,160,000"
5eb6980abbb13e40ab836678,2009 Toyota Rav4,NG-464266,2009," 69,658 Km",Nigerian Used,"₦ 1,771,000"
5eb6980abbb13e40ab836679,2012 Mercedes-Benz Gl550,NG-464388,2012," 51,814 Km",Foreign Used,"₦ 9,828,500"
5eb6980bbbb13e40ab83667a,2005 Mercedes-Benz CLS 350,NG-464349,2005," 166,106 Km",Nigerian Used,"₦ 1,331,000"
5eb6980bbbb13e40ab83667b,1999 Lexus Rx 300,NG-461358,1999," 173,442 Km",Nigerian Used,"₦ 780,000"
5eb6980bbbb13e40ab83667c,2006 Lexus Is,NG-463574,2006," 111,411 Km",Nigerian Used,"₦ 1,275,000"
5eb6980cbbb13e40ab83667d,2013 KINGLONG HIASE BUS,NG-463455,2013," 800,000 Km",Nigerian Used,"₦ 1,334,000"
5eb6980cbbb13e40ab83667e,Mazda PREMACY 2002,NG-463506,2002," 259,291 Km",Nigerian Used,"₦ 340,000"
5eb6980cbbb13e40ab83667f,2007 Acura Mdx,NG-463524,2007," 128,416 Km",Nigerian Used,"₦ 1,550,000"
5eb6980dbbb13e40ab836680,1997 Audi A4,NG-463469,1997," 176,210 Km",Nigerian Used,"₦ 561,000"
5eb6980dbbb13e40ab836681,2004 Ford F-150,NG-463534,2004," 154,260 Km",Nigerian Used,"₦ 1,000,000"
5eb6980dbbb13e40ab836682,2008 Honda Accord,NG-463423,2008," 83,944 Km",Nigerian Used,"₦ 671,000"
5eb6980dbbb13e40ab836683,2011 Toyota Camry,NG-463583,2011," 131,268 Km",Nigerian Used,"₦ 2,650,000"
5eb6980dbbb13e40ab836684,2007 Lexus Es,NG-463433,2007," 89,605 Km",Nigerian Used,"₦ 2,100,000"
5eb6980ebbb13e40ab836685,2007 Nissan Pathfinder,NG-463321,2007," 176,367 Km",Nigerian Used,"₦ 1,221,000"
5eb6980ebbb13e40ab836686,2006 Honda Pilot,NG-463393,2006," 272,909 Km",Foreign Used,"₦ 1,660,000"
5eb6980ebbb13e40ab836687,2002 Infiniti Qx,NG-463100,2002," 195,604 Km",Nigerian Used,"₦ 671,000"
5eb6980ebbb13e40ab836688,2010 Toyota Sienna,NG-463134,2010," 157,064 Km",Foreign Used,"₦ 3,311,000"
5eb6980ebbb13e40ab836689,1998 Volkswagen Jetta,NG-463416,1998," 116,413 Km",Nigerian Used,"₦ 395,000"
5eb6980fbbb13e40ab83668a,2009 Ford Edge,NG-463338,2009," 101,024 Km",Nigerian Used,"₦ 2,310,000"
5eb6980fbbb13e40ab83668b,2007 Land Rover Range Rover Sport,NG-463237,2007," 103,883 Km",Nigerian Used,"₦ 2,871,000"
5eb6980fbbb13e40ab83668c,2006 Toyota Sienna,NG-463098,2006," 224,247 Km",Nigerian Used,"₦ 1,991,000"
5eb6980fbbb13e40ab83668d,2004 Nissan Maxima,NG-463048,2004," 91,116 Km",Nigerian Used,"₦ 1,441,000"
5eb69810bbb13e40ab83668e,1999 Volkswagen Golf,NG-463188,1999," 168,055 Km",Nigerian Used,"₦ 451,000"
5eb69810bbb13e40ab83668f,2007 Nissan Pathfinder,NG-462337,2007," 147,940 Km",Foreign Used,"₦ 1,991,000"
5eb69810bbb13e40ab836690,2005 Nissan Pathfinder,NG-462326,2005," 219,273 Km",Nigerian Used,"₦ 1,331,000"
5eb69811bbb13e40ab836691,2008 Toyota Hilux,NG-462259,2008," 69,441 Km",Nigerian Used,"₦ 1,991,000"
5eb69811bbb13e40ab836692,2016 Toyota Corolla,NG-462058,2016," 47,301 Km",Foreign Used,"₦ 5,181,000"
5eb69811bbb13e40ab836693,2002 Nissan Pathfinder,NG-462327,2002," 200,655 Km",Nigerian Used,"₦ 644,000"
5eb69811bbb13e40ab836694,2009 Toyota Corolla,NG-462268,2009," 113,028 Km",Foreign Used,"₦ 2,431,000"
5eb69811bbb13e40ab836695,Lexus Rx 330 2005,NG-462260,2005," 64,584 Km",Nigerian Used,"₦ 2,211,000"
5eb69811bbb13e40ab836696,2009 Infiniti fx35,NG-462336,2009," 172,983 Km",Nigerian Used,"₦ 3,311,000"
5eb69812bbb13e40ab836697,2000 Nissan Pathfinder,NG-463497,2000," 268,613 Km",Nigerian Used,"₦ 472,000"
5eb69812bbb13e40ab836698,2005 Toyota Corolla,NG-464501,2005," 167,005 Km",Foreign Used,"₦ 1,660,000"
5eb69812bbb13e40ab836699,2011 Toyota Sienna,NG-462216,2011," 55,566 Km",Foreign Used,"₦ 3,310,000"
5eb69812bbb13e40ab83669a,2009 Land Rover Range Rover Sport,NG-464335,2009," 132,192 Km",Nigerian Used,"₦ 3,310,000"
5eb69812bbb13e40ab83669b,2006 Pontiac Torent,NG-444072,2006," 144,091 Km",Nigerian Used,"₦ 780,000"
5eb69813bbb13e40ab83669c,2009 Honda Accord,NG-450075,2009," 105,607 Km",Foreign Used,"₦ 2,650,000"
5eb69813bbb13e40ab83669d,2008 Toyota Highlander,NG-451596,2008," 122,942 Km",Nigerian Used,"₦ 2,760,000"
5eb69813bbb13e40ab83669e,2007 Toyota Fj Cruiser,NG-453612,2007," 82,379 Km",Nigerian Used,"₦ 1,990,000"
5eb69814bbb13e40ab83669f,2009 BMW X6,NG-463390,2009," 48,560 Km",Nigerian Used,"₦ 2,760,000"
5eb69814bbb13e40ab8366a0,2008 Toyota Highlander,NG-445477,2008," 95,660 Km",Nigerian Used,"₦ 3,200,000"
5eb69814bbb13e40ab8366a1,2011 Toyota Highlander,NG-463352,2011," 77,867 Km",Nigerian Used,"₦ 3,920,000"
5eb69814bbb13e40ab8366a2,,,,,,
5eb69814bbb13e40ab8366a3,2010 Honda Accord,NG-463335,2010," 164,457 Km",Foreign Used,"₦ 2,080,000"
5eb69815bbb13e40ab8366a4,2012 Volkswagen Passat,NG-463344,2012," 155,182 Km",Nigerian Used,"₦ 3,200,000"
5eb69815bbb13e40ab8366a5,2002 Toyota Camry,NG-463303,2002," 12,345 Km",Nigerian Used,"₦ 945,000"
5eb69815bbb13e40ab8366a6,2000 Peugeot 406,NG-463268,2000," 246,988 Km",Nigerian Used,"₦ 780,000"
5eb69816bbb13e40ab8366a7,2013 Toyota Venza,NG-462253,2013," 43,485 Km",Foreign Used,"₦ 5,400,000"
5eb69816bbb13e40ab8366a8,2012 Toyota Camry,NG-454716,2012," 61,289 Km",Nigerian Used,"₦ 2,540,000"
5eb69816bbb13e40ab8366a9,2012 Ford Ranger,NG-463050,2012," 32,407 Km",Nigerian Used,"₦ 2,210,000"
5eb69816bbb13e40ab8366aa,2009 Mercedes-Benz C300,NG-463021,2009," 110,378 Km",Foreign Used,"₦ 2,310,000"
5eb69816bbb13e40ab8366ab,2003 Toyota Corolla,NG-463185,2003," 159,184 Km",Nigerian Used,"₦ 945,000"
5eb69816bbb13e40ab8366ac,2017 Honda Civic,NG-463175,2017," 7,188 Km",Nigerian Used,"₦ 5,730,000"
5eb69817bbb13e40ab8366ad,2013 Mercedes-Benz Ml350,NG-462450,2013," 55,359 Km",Nigerian Used,"₦ 8,260,000"
5eb69817bbb13e40ab8366ae,2003 Toyota Camry,NG-463158,2003," 237,822 Km",Nigerian Used,"₦ 945,000"
5eb69817bbb13e40ab8366af,2004 Mercedes-Benz C230,NG-463206,2004," 154,790 Km",Foreign Used,"₦ 1,440,000"
5eb69817bbb13e40ab8366b0,2002 Honda Cr-V,NG-463121,2002," 176,408 Km",Nigerian Used,"₦ 670,000"
5eb69818bbb13e40ab8366b1,Toyota Venza 2013,NG-462255,2013," 105,181 Km",Foreign Used,"₦ 5,620,000"
5eb69818bbb13e40ab8366b2,,,,,,
5eb69818bbb13e40ab8366b3,2005 Toyota Camry,NG-462035,2005," 154,442 Km",Nigerian Used,"₦ 1,110,000"
5eb6981cbbb13e40ab8366b4,2006 Honda Accord,NG-463001,2006," 156,791 Km",Foreign Used,"₦ 1,770,000"
5eb6981cbbb13e40ab8366b5,2017 Toyota Corolla,NG-449022,2017," 9,417 Km",Foreign Used,"₦ 6,788,600"
5eb6981cbbb13e40ab8366b6,2003 Peugeot 406,NG-461248,2003," 99,999 Km",Nigerian Used,"₦ 1,220,000"
5eb6981dbbb13e40ab8366b7,2006 Honda Accord,NG-439655,2006," 168,924 Km",Nigerian Used,"₦ 560,000"
5eb6981dbbb13e40ab8366b8,2003 Honda Element,NG-460984,2003," 121,434 Km",Nigerian Used,"₦ 835,000"
5eb6981dbbb13e40ab8366b9,2017 Toyota Rav4,NG-426666,2017," 55,120 Km",Foreign Used,"₦ 8,810,000"
5eb6981dbbb13e40ab8366ba,2002 Toyota Camry,NG-461147,2002," 192,988 Km",Foreign Used,"₦ 1,330,000"
5eb6981dbbb13e40ab8366bb,2002 Peugeot 406,NG-462438,2002," 324,556 Km",Nigerian Used,"₦ 890,000"
5eb6981ebbb13e40ab8366bc,2005 BMW 5 Series,NG-462322,2005," 318,712 Km",Nigerian Used,"₦ 1,660,000"
5eb6981ebbb13e40ab8366bd,2002 Nissan Xterra,NG-462410,2002," 215,822 Km",Nigerian Used,"₦ 560,000"
5eb6981ebbb13e40ab8366be,2004 Toyota Corolla,NG-462426,2004," 94,594 Km",Nigerian Used,"₦ 1,220,000"
5eb6981ebbb13e40ab8366bf,2013 Jaguar Xj,NG-462308,2013," 21,340 Km",Nigerian Used,"₦ 5,257,200"
5eb6981ebbb13e40ab8366c0,2006 Mazda 3,NG-462151,2006," 127,373 Km",Foreign Used,"₦ 1,495,000"
5eb6981ebbb13e40ab8366c1,2001 Toyota Sienna,NG-462370,2001," 200,345 Km",Nigerian Used,"₦ 780,000"
5eb6981fbbb13e40ab8366c2,,,,,,
5eb6981fbbb13e40ab8366c3,2012 Toyota Corolla,NG-462397,2012," 108,003 Km",Nigerian Used,"₦ 3,310,000"
5eb6981fbbb13e40ab8366c4,Mercedes-Benz Gl450 2007,NG-462272,2007," 3,591 Km",Nigerian Used,"₦ 1,505,000"
5eb6981fbbb13e40ab8366c5,2008 Lexus Rx,NG-460735,2008," 179,602 Km",Nigerian Used,"₦ 2,870,000"
5eb69820bbb13e40ab8366c6,2008 Nissan Rogue,NG-462262,2008," 130,683 Km",Foreign Used,"₦ 1,990,000"
5eb69820bbb13e40ab8366c7,Honda Accord 2007,NG-462225,2007," 188,197 Km",Nigerian Used,"₦ 890,000"
5eb69820bbb13e40ab8366c8,1997 Opel Omega,NG-462214,1997," 207,165 Km",Nigerian Used,"₦ 395,000"
5eb69821bbb13e40ab8366c9,2002 Nissan Altima,NG-462289,2002," 152,708 Km",Nigerian Used,"₦ 725,000"
5eb69821bbb13e40ab8366ca,2016 Mercedes-Benz GLA250,NG-462297,2016," 39,998 Km",Foreign Used,"₦ 14,310,000"
5eb69821bbb13e40ab8366cb,2009 Mazda Cx-7,NG-462263,2009," 130,827 Km",Foreign Used,"₦ 3,860,000"
5eb69821bbb13e40ab8366cc,2000 Toyota Solara,NG-462084,2000," 183,454 Km",Nigerian Used,"₦ 835,000"
5eb69821bbb13e40ab8366cd,2005 Honda Accord,NG-462109,2005," 125,470 Km",Nigerian Used,"₦ 835,000"
5eb69821bbb13e40ab8366ce,2003 Toyota Highlander,NG-462040,2003," 177,139 Km",Nigerian Used,"₦ 890,000"
5eb69822bbb13e40ab8366cf,2016 Toyota Corolla,NG-462261,2016," 84,062 Km",Foreign Used,"₦ 5,070,000"
5eb69822bbb13e40ab8366d0,2010 Toyota Corolla,NG-462087,2010," 135,086 Km",Foreign Used,"₦ 2,022,500"
5eb69822bbb13e40ab8366d1,2001 Nissan Pathfinder,NG-462294,2001," 196,557 Km",Nigerian Used,"₦ 780,000"
5eb69822bbb13e40ab8366d2,1999 Toyota Avalon,NG-462159,1999," 192,198 Km",Nigerian Used,"₦ 505,000"
5eb69822bbb13e40ab8366d3,2007 Honda Accord,NG-461851,2007," 148,079 Km",Nigerian Used,"₦ 780,000"
5eb69823bbb13e40ab8366d4,2007 Kia Sportage,NG-462070,2007," 203,771 Km",Nigerian Used,"₦ 670,000"
5eb69823bbb13e40ab8366d5,,,,,,
5eb69823bbb13e40ab8366d6,1998 Toyota Camry,NG-462163,1998," 253,183 Km",Nigerian Used,"₦ 615,000"
5eb69823bbb13e40ab8366d7,2013 Toyota Camry,NG-461980,2013," 147,148 Km",Nigerian Used,"₦ 2,980,000"
5eb69824bbb13e40ab8366d8,2007 Toyota Camry,NG-462005,2007," 299,681 Km",Nigerian Used,"₦ 1,770,000"
5eb69825bbb13e40ab8366d9,,,,,,
5eb69825bbb13e40ab8366da,2005 Toyota Corolla,NG-461350,2005," 203,812 Km",Nigerian Used,"₦ 1,770,000"
5eb69825bbb13e40ab8366db,2003 Toyota Corolla,NG-461982,2003, 1 Km,Nigerian Used,"₦ 1,161,500"
5eb69825bbb13e40ab8366dc,Lexus Rx 350 2007,NG-461948,2007," 148,226 Km",Foreign Used,"₦ 3,860,000"
5eb69826bbb13e40ab8366dd,2014 Land Rover HSE,NG-462072,2014," 62,772 Km",Nigerian Used,"₦ 16,510,000"
5eb69826bbb13e40ab8366de,2004 Hyundai Santa Fe,NG-461967,2004," 117,164 Km",Nigerian Used,"₦ 585,000"
5eb69826bbb13e40ab8366df,2010 Toyota Camry,NG-461371,2010," 96,917 Km",Foreign Used,"₦ 2,210,000"
5eb69827bbb13e40ab8366e0,2002 Toyota Camry,NG-461921,2002," 215,256 Km",Nigerian Used,"₦ 945,000"
5eb69827bbb13e40ab8366e1,2008 Mercedes-Benz E350,NG-462039,2008," 169,894 Km",Nigerian Used,"₦ 1,275,000"
5eb69827bbb13e40ab8366e2,2005 Toyota Highlander,NG-456842,2005," 206,273 Km",Foreign Used,"₦ 2,210,000"
5eb69827bbb13e40ab8366e3,2007 Honda Cr-V,NG-461965,2007," 176,021 Km",Nigerian Used,"₦ 1,440,000"
5eb69827bbb13e40ab8366e4,2010 Hyundai Sonata,NG-461991,2010," 122,348 Km",Nigerian Used,"₦ 1,550,000"
5eb69828bbb13e40ab8366e5,2013 Toyota Land Cruiser Prado,NG-461352,2013," 68,684 Km",Nigerian Used,"₦ 8,811,000"
5eb69828bbb13e40ab8366e6,2012 Mercedes-Benz Ml350,NG-461308,2012," 45,324 Km",Nigerian Used,"₦ 8,261,000"
5eb69828bbb13e40ab8366e7,2010 Ford Escape,NG-461390,2010," 148,779 Km",Nigerian Used,"₦ 815,000"
5eb69828bbb13e40ab8366e8,2005 Ford Escape,NG-461092,2005," 289,449 Km",Foreign Used,"₦ 836,000"
5eb69828bbb13e40ab8366e9,2002 Honda Accord,NG-461205,2002," 141,741 Km",Nigerian Used,"₦ 341,000"
5eb69828bbb13e40ab8366ea,2005 Nissan Primera,NG-461379,2005," 156,784 Km",Nigerian Used,"₦ 505,000"
5eb69829bbb13e40ab8366eb,2006 Nissan X-Trail,NG-461291,2006," 136,750 Km",Nigerian Used,"₦ 1,001,000"
5eb69829bbb13e40ab8366ec,2001 Toyota Rav4,NG-461407,2001," 72,164 Km",Nigerian Used,"₦ 671,000"
5eb69829bbb13e40ab8366ed,2012 Mercedes-Benz Glk350,NG-461198,2012," 106,565 Km",Foreign Used,"₦ 5,951,000"
5eb69829bbb13e40ab8366ee,2011 Ford Escape,NG-461232,2011," 84,247 Km",Nigerian Used,"₦ 1,331,000"
5eb6982abbb13e40ab8366ef,2001 Ford Focus,NG-461768,2001," 133,723 Km",Nigerian Used,"₦ 450,000"
5eb6982ebbb13e40ab8366f0,1999 Nissan Maxima,NG-461108,1999," 134,278 Km",Nigerian Used,"₦ 561,000"
5eb6982fbbb13e40ab8366f1,2009 Toyota Camry,NG-461206,2009," 138,605 Km",Nigerian Used,"₦ 1,331,000"
5eb6982fbbb13e40ab8366f2,2008 Toyota Corolla,NG-461192,2008," 183,268 Km",Nigerian Used,"₦ 1,111,000"
5eb6982fbbb13e40ab8366f3,2003 Toyota 4Runner,NG-461185,2003," 216,100 Km",Nigerian Used,"₦ 1,880,000"
5eb6982fbbb13e40ab8366f4,2007 Ford Freestyle,NG-461302,2007, 1 Km,Nigerian Used,"₦ 1,661,000"
5eb69830bbb13e40ab8366f5,2011 Toyota Rav4,NG-460812,2011," 76,966 Km",Foreign Used,"₦ 4,191,000"
5eb69830bbb13e40ab8366f6,2002 Nissan Primera,NG-461805,2002," 95,507 Km",Nigerian Used,"₦ 357,500"
5eb69831bbb13e40ab8366f7,1999 Lexus Rx 300,NG-461412,1999," 169,277 Km",Nigerian Used,"₦ 931,500"
5eb69831bbb13e40ab8366f8,2002 Toyota Sienna,NG-461318,2002," 190,794 Km",Nigerian Used,"₦ 1,166,000"
5eb69831bbb13e40ab8366f9,2008 Hyundai H1,NG-461093,2008," 236,654 Km",Nigerian Used,"₦ 2,885,000"
5eb69831bbb13e40ab8366fa,2004 Honda Pilot,NG-461153,2004," 277,927 Km",Nigerian Used,"₦ 818,500"
5eb69831bbb13e40ab8366fb,2006 Mercedes-Benz E350,NG-461050,2006," 65,103 Km",Nigerian Used,"₦ 1,991,000"
5eb69831bbb13e40ab8366fc,Toyota Camry 2007,NG-460969,2007," 154,990 Km",Nigerian Used,"₦ 815,000"
5eb69832bbb13e40ab8366fd,2005 Chevrolet Trailblazer,NG-461796,2005," 75,755 Km",Nigerian Used,"₦ 3,310,000"
5eb69832bbb13e40ab8366fe,2006 Nissan Titan,NG-461015,2006," 124,928 Km",Nigerian Used,"₦ 2,211,000"
5eb69832bbb13e40ab8366ff,2006 Lexus IS250,NG-461297,2006," 187,028 Km",Nigerian Used,"₦ 2,211,000"
5eb69832bbb13e40ab836700,2011 Honda Accord Crosstour,NG-461335,2011," 107,188 Km",Foreign Used,"₦ 3,311,000"
5eb69832bbb13e40ab836701,2009 Hyundai Tucson,NG-461307,2009," 158,094 Km",Nigerian Used,"₦ 616,000"
5eb69833bbb13e40ab836702,1996 Toyota Camry,NG-461265,1996," 328,986 Km",Nigerian Used,"₦ 396,000"
5eb69833bbb13e40ab836703,2007 Nissan Quest,NG-461005,2007," 99,208 Km",Nigerian Used,"₦ 891,000"
5eb69834bbb13e40ab836704,2008 Mitsubishi L200,NG-461278,2008," 91,830 Km",Nigerian Used,"₦ 1,881,000"
5eb69834bbb13e40ab836705,2007 Toyota Camry,NG-460945,2007," 235,471 Km",Nigerian Used,"₦ 1,111,000"
5eb69834bbb13e40ab836706,2010 Toyota Corolla,NG-460886,2010," 169,934 Km",Nigerian Used,"₦ 1,243,000"
5eb69834bbb13e40ab836707,Mercedes-Benz A190 2000,NG-460993,2000," 200,805 Km",Nigerian Used,"₦ 616,000"
5eb69835bbb13e40ab836708,2008 Ford Edge,NG-460775,2008," 253,532 Km",Foreign Used,"₦ 1,771,000"
5eb69835bbb13e40ab836709,1998 Toyota 4Runner,NG-461363,1998," 186,612 Km",Nigerian Used,"₦ 450,000"
5eb69835bbb13e40ab83670a,2009 Honda Accord,NG-461396,2009," 170,123 Km",Nigerian Used,"₦ 1,110,000"
5eb69835bbb13e40ab83670b,Toyota Corolla 2007,NG-461048,2007," 92,261 Km",Foreign Used,"₦ 1,550,000"
5eb69835bbb13e40ab83670c,1999 Mercedes-Benz S500,NG-451425,1999," 210,476 Km",Nigerian Used,"₦ 505,000"
5eb69836bbb13e40ab83670d,2009 Nissan X-Trail,NG-457920,2009," 100,837 Km",Nigerian Used,"₦ 1,110,000"
5eb69836bbb13e40ab83670e,2006 Lexus Gs,NG-461151,2006," 103,532 Km",Nigerian Used,"₦ 2,540,000"
5eb69836bbb13e40ab83670f,2004 Toyota Camry,NG-461139,2004," 102,754 Km",Nigerian Used,"₦ 891,000"
5eb69836bbb13e40ab836710,2007 Toyota Camry,NG-461051,2007," 100,232 Km",Nigerian Used,"₦ 1,220,000"
5eb69836bbb13e40ab836711,2017 Toyota Corolla,NG-459141,2017," 56,754 Km",Foreign Used,"₦ 7,050,000"
5eb69837bbb13e40ab836712,2008 Honda Accord,NG-461023,2008," 80,962 Km",Nigerian Used,"₦ 1,110,000"
5eb69837bbb13e40ab836713,2017 Toyota Corolla,NG-434299,2017," 79,164 Km",Foreign Used,"₦ 6,926,400"
5eb69837bbb13e40ab836714,2011 Toyota Camry,NG-456859,2011," 66,893 Km",Foreign Used,"₦ 2,870,000"
5eb69837bbb13e40ab836715,2007 Toyota Camry,NG-456843,2007," 132,773 Km",Foreign Used,"₦ 2,320,000"
5eb69837bbb13e40ab836716,,,,,,
5eb69838bbb13e40ab836717,2010 Mercedes-Benz E350,NG-456927,2010," 108,756 Km",Nigerian Used,"₦ 3,860,000"
5eb69838bbb13e40ab836718,2010 Mercedes-Benz E350,NG-459317,2010," 89,084 Km",Nigerian Used,"₦ 3,091,000"
5eb69838bbb13e40ab836719,1999 Toyota Camry,NG-459229,1999," 90,961 Km",Nigerian Used,"₦ 561,000"
5eb69838bbb13e40ab83671a,2004 Volkswagen Touareg,NG-459232,2004," 184,647 Km",Nigerian Used,"₦ 1,391,500"
5eb69838bbb13e40ab83671b,2014 Kia Optima,NG-459321,2014," 94,867 Km",Nigerian Used,"₦ 2,761,000"
5eb69839bbb13e40ab83671c,2004 Kia Spectra,NG-459213,2004," 124,201 Km",Nigerian Used,"₦ 561,000"
5eb69839bbb13e40ab83671d,2003 Toyota Avalon,NG-459307,2003," 191,364 Km",Nigerian Used,"₦ 671,000"
5eb69839bbb13e40ab83671e,2002 Honda Passport,NG-459295,2002," 154,827 Km",Nigerian Used,"₦ 341,000"
5eb69839bbb13e40ab83671f,2001 Acura Mdx,NG-459278,2001," 172,620 Km",Nigerian Used,"₦ 670,000"
5eb6983abbb13e40ab836720,2014 Kia Rio,NG-459380,2014," 68,892 Km",Nigerian Used,"₦ 1,661,000"
5eb6983abbb13e40ab836721,Lexus Es 350 2007,NG-459190,2007," 179,679 Km",Nigerian Used,"₦ 2,210,000"
5eb6983abbb13e40ab836722,2014 Toyota Corolla,NG-459343,2014," 70,966 Km",Nigerian Used,"₦ 3,311,000"
5eb6983abbb13e40ab836723,2007 Honda Cr-V,NG-459179,2007," 78,277 Km",Nigerian Used,"₦ 1,220,000"
5eb6983bbbb13e40ab836724,2004 Toyota Sienna,NG-459350,2004," 335,064 Km",Nigerian Used,"₦ 1,661,000"
5eb6983bbbb13e40ab836725,2001 Nissan Almera,NG-459405,2001," 237,797 Km",Nigerian Used,"₦ 396,000"
5eb6983bbbb13e40ab836726,1998 Toyota Avalon,NG-458958,1998," 311,152 Km",Nigerian Used,"₦ 649,000"
5eb6983bbbb13e40ab836727,,,,,,
5eb6983bbbb13e40ab836728,2000 Peugeot 406,NG-459234,2000," 122,343 Km",Nigerian Used,"₦ 946,000"
5eb6983cbbb13e40ab836729,2009 Toyota Avensis,NG-459236,2009," 163,391 Km",Nigerian Used,"₦ 1,441,000"
5eb6983cbbb13e40ab83672a,2008 Mercedes-Benz Ml350,NG-459065,2008," 163,334 Km",Nigerian Used,"₦ 2,430,000"
5eb6983cbbb13e40ab83672b,2006 Infiniti Fx,NG-459045,2006," 190,167 Km",Nigerian Used,"₦ 836,000"
5eb6983fbbb13e40ab83672c,2005 Toyota Sienna,NG-459227,2005," 181,650 Km",Nigerian Used,"₦ 2,211,000"
5eb6983fbbb13e40ab83672d,2008 Toyota Sienna,NG-458974,2008," 189,087 Km",Nigerian Used,"₦ 1,661,000"
5eb6983fbbb13e40ab83672e,2010 Hyundai Accent,NG-458931,2010," 98,879 Km",Nigerian Used,"₦ 506,000"
5eb69840bbb13e40ab83672f,2000 Toyota Sienna,NG-459310,2000," 143,058 Km",Nigerian Used,"₦ 891,000"
5eb69840bbb13e40ab836730,2009 Ford Escape,NG-459019,2009," 130,587 Km",Nigerian Used,"₦ 930,000"
5eb69841bbb13e40ab836731,2002 Lexus Rx 300,NG-459151,2002," 178,400 Km",Nigerian Used,"₦ 1,441,000"
5eb69841bbb13e40ab836732,2010 Toyota Camry,NG-457995,2010," 68,891 Km",Nigerian Used,"₦ 1,661,000"
5eb69842bbb13e40ab836733,2008 Toyota Highlander,NG-457896,2008," 83,472 Km",Foreign Used,"₦ 5,071,000"
5eb69842bbb13e40ab836734,2003 Jeep Cherokee,NG-457626,2003," 216,192 Km",Nigerian Used,"₦ 561,000"
5eb69842bbb13e40ab836735,2006 Land Rover Range Rover Sport,NG-457897,2006," 57,234 Km",Nigerian Used,"₦ 2,541,500"
5eb69843bbb13e40ab836736,2011 Toyota Camry,NG-457879,2011," 137,995 Km",Nigerian Used,"₦ 2,101,000"
5eb69843bbb13e40ab836737,2008 Toyota Land Cruiser Prado,NG-457878,2008," 109,611 Km",Nigerian Used,"₦ 2,210,000"
5eb69843bbb13e40ab836738,2003 Ford Explorer,NG-457906,2003," 158,595 Km",Nigerian Used,"₦ 891,000"
5eb69843bbb13e40ab836739,2010 Acura Mdx,NG-457717,2010," 21,723 Km",Nigerian Used,"₦ 3,861,000"
5eb69844bbb13e40ab83673a,2010 Mercedes-Benz E350,NG-457583,2010," 42,202 Km",Foreign Used,"₦ 6,061,000"
5eb69844bbb13e40ab83673b,2007 Toyota Sienna,NG-457809,2007," 207,584 Km",Nigerian Used,"₦ 1,936,000"
5eb69844bbb13e40ab83673c,2007 Infiniti Fx,NG-457705,2007," 128,249 Km",Nigerian Used,"₦ 891,000"
5eb69844bbb13e40ab83673d,2011 Hyundai Elantra,NG-457871,2011," 138,281 Km",Nigerian Used,"₦ 1,605,000"
5eb69844bbb13e40ab83673e,2013 Ford F-150,NG-457660,2013," 122,376 Km",Nigerian Used,"₦ 4,411,000"
5eb69844bbb13e40ab83673f,2015 Honda Accord,NG-457740,2015," 69,231 Km",Foreign Used,"₦ 5,511,000"
5eb69845bbb13e40ab836740,2009 Honda Accord,NG-457884,2009," 103,724 Km",Nigerian Used,"₦ 1,056,000"
5eb69845bbb13e40ab836741,2005 Toyota Corolla,NG-457618,2005," 191,614 Km",Foreign Used,"₦ 2,211,000"
5eb69846bbb13e40ab836742,2007 Toyota Camry,NG-457726,2007," 75,022 Km",Foreign Used,"₦ 2,541,000"
5eb69846bbb13e40ab836743,2007 Toyota Camry,NG-457727,2007," 146,185 Km",Nigerian Used,"₦ 1,661,000"
5eb69846bbb13e40ab836744,1999 Volvo V40,NG-457839,1999," 216,849 Km",Nigerian Used,"₦ 586,500"
5eb69846bbb13e40ab836745,2007 Honda Pilot,NG-457689,2007," 195,850 Km",Foreign Used,"₦ 1,936,000"
5eb69846bbb13e40ab836746,2008 Toyota Camry,NG-457681,2008," 144,762 Km",Nigerian Used,"₦ 1,881,000"
5eb69846bbb13e40ab836747,2003 Volkswagen Passat,NG-457731,2003," 168,020 Km",Foreign Used,"₦ 1,187,000"
5eb69847bbb13e40ab836748,2006 Toyota Corolla,NG-457698,2006," 174,132 Km",Nigerian Used,"₦ 1,551,000"
5eb69847bbb13e40ab836749,2008 Ford Edge,NG-457664,2008," 232,069 Km",Nigerian Used,"₦ 1,551,000"
5eb69847bbb13e40ab83674a,2004 Volvo Xc90,NG-457761,2004," 111,996 Km",Nigerian Used,"₦ 1,111,000"
5eb69847bbb13e40ab83674b,1998 Honda Accord,NG-457560,1998," 146,986 Km",Nigerian Used,"₦ 341,000"
5eb69848bbb13e40ab83674c,2005 Ford Freestar,NG-457794,2005," 113,943 Km",Nigerian Used,"₦ 836,000"
5eb69848bbb13e40ab83674d,2000 Acura Tl,NG-457826,2000," 189,238 Km",Nigerian Used,"₦ 671,000"
5eb69848bbb13e40ab83674e,1998 Toyota Sienna,NG-457691,1998," 114,400 Km",Nigerian Used,"₦ 506,000"
5eb69848bbb13e40ab83674f,2008 Honda Accord,NG-457845,2008," 107,537 Km",Foreign Used,"₦ 2,101,000"
5eb69849bbb13e40ab836750,2008 Mercedes-Benz Gl450,NG-457782,2008," 68,301 Km",Nigerian Used,"₦ 3,861,000"
5eb69849bbb13e40ab836751,2002 Toyota Rav4,NG-457738,2002," 109,410 Km",Nigerian Used,"₦ 946,000"
5eb69849bbb13e40ab836752,1999 Honda Civic,NG-457597,1999," 136,429 Km",Nigerian Used,"₦ 231,000"
5eb69849bbb13e40ab836753,2005 Acura Mdx,NG-457614,2005," 259,581 Km",Nigerian Used,"₦ 1,606,000"
5eb69849bbb13e40ab836754,2007 Toyota Camry,NG-457773,2007," 163,617 Km",Foreign Used,"₦ 2,101,000"
5eb69849bbb13e40ab836755,2005 Kia Sorento,NG-457678,2005," 188,403 Km",Nigerian Used,"₦ 1,661,000"
5eb6984abbb13e40ab836756,2014 Land Rover Range Rover Sport,NG-457414,2014," 33,990 Km",Nigerian Used,"₦ 19,811,000"
5eb6984abbb13e40ab836757,2002 Toyota Sienna,NG-457659,2002," 263,299 Km",Nigerian Used,"₦ 616,000"
5eb6984abbb13e40ab836758,2004 Lexus Rx 330,NG-457615,2004," 90,936 Km",Nigerian Used,"₦ 1,661,000"
5eb6984abbb13e40ab836759,2000 Mercedes-Benz Ml320,NG-457557,2000," 196,916 Km",Nigerian Used,"₦ 671,000"
5eb6984abbb13e40ab83675a,1998 Honda Shuttle,NG-457690,1998," 429,644 Km",Nigerian Used,"₦ 418,000"
5eb6984bbbb13e40ab83675b,2011 Kia Cerato,NG-457554,2011," 126,954 Km",Nigerian Used,"₦ 1,441,000"
5eb6984bbbb13e40ab83675c,2000 Mitsubishi Space Wagon,NG-457446,2000," 111,265 Km",Nigerian Used,"₦ 781,000"
5eb6984bbbb13e40ab83675d,2008 Nissan Quest,NG-457596,2008," 28,368 Km",Nigerian Used,"₦ 836,000"
5eb6984dbbb13e40ab83675e,2004 Pontiac Vibe,NG-457744,2004," 127,183 Km",Nigerian Used,"₦ 1,551,000"
5eb6984dbbb13e40ab83675f,2007 Saturn Sky,NG-447618,2007," 85,084 Km",Foreign Used,"₦ 1,880,000"
5eb6984dbbb13e40ab836760,Suzuki Ertiga 2019,NG-457842,2019, 1 Km,New,"₦ 9,150,000"
5eb6984dbbb13e40ab836761,Suzuki Ciaz 2019,NG-457792,2019, 1 Km,New,"₦ 9,150,000"
5eb6984ebbb13e40ab836762,Suzuki Dzire 2019,NG-457818,2019, 1 Km,New,"₦ 6,000,000"
5eb6984ebbb13e40ab836763,Suzuki Jimny 2019,NG-457656,2019, 1 Km,New,"₦ 11,300,000"
5eb6984ebbb13e40ab836764,2012 Kia Optima,NG-456723,2012," 129,582 Km",Nigerian Used,"₦ 3,641,000"
5eb6984ebbb13e40ab836765,2010 Hyundai Elantra,NG-456921,2010," 174,699 Km",Nigerian Used,"₦ 865,000"
5eb6984ebbb13e40ab836766,2001 Mazda Mpv,NG-456904,2001," 142,280 Km",Nigerian Used,"₦ 781,000"
5eb6984ebbb13e40ab836767,2008 Mercedes-Benz C300,NG-456606,2008," 278,667 Km",Nigerian Used,"₦ 1,771,000"
5eb69853bbb13e40ab836768,2003 Lexus Rx 300,NG-456882,2003," 81,748 Km",Nigerian Used,"₦ 2,761,000"
5eb69853bbb13e40ab836769,2006 Mercedes-Benz Ml350,NG-456837,2006," 174,447 Km",Nigerian Used,"₦ 2,980,000"
5eb69853bbb13e40ab83676a,2004 Lexus Gx,NG-456815,2004," 280,709 Km",Nigerian Used,"₦ 1,441,000"
5eb69853bbb13e40ab83676b,,,,,,
5eb69853bbb13e40ab83676c,2003 Toyota Camry,NG-456737,2003," 137,634 Km",Nigerian Used,"₦ 1,331,000"
5eb69854bbb13e40ab83676d,1999 Lexus Rx 300,NG-456816,1999," 174,023 Km",Nigerian Used,"₦ 1,111,000"
5eb69854bbb13e40ab83676e,2001 Toyota Sienna,NG-456832,2001," 235,931 Km",Nigerian Used,"₦ 891,000"
5eb69854bbb13e40ab83676f,2004 Cadillac Cts,NG-456772,2004," 130,956 Km",Nigerian Used,"₦ 2,761,000"
5eb69854bbb13e40ab836770,2011 Toyota Land Cruiser Prado,NG-456796,2011," 56,431 Km",Nigerian Used,"₦ 8,811,000"
5eb69854bbb13e40ab836771,2010 Toyota Avalon,NG-456735,2010," 142,615 Km",Foreign Used,"₦ 3,861,000"
5eb69855bbb13e40ab836772,2012 Nissan Rogue,NG-456819,2012," 42,083 Km",Foreign Used,"₦ 2,431,000"
5eb69855bbb13e40ab836773,2004 Honda Pilot,NG-456702,2004," 260,396 Km",Nigerian Used,"₦ 1,111,000"
5eb69855bbb13e40ab836774,,,,,,
5eb69855bbb13e40ab836775,2005 Volvo Xc90,NG-456705,2005," 144,434 Km",Foreign Used,"₦ 2,431,000"
5eb69855bbb13e40ab836776,2015 Mercedes-Benz Ml350,NG-456846,2015," 63,054 Km",Nigerian Used,"₦ 8,261,000"
5eb69856bbb13e40ab836777,2008 Hyundai Santa Fe,NG-456907,2008," 101,914 Km",Nigerian Used,"₦ 1,881,000"
5eb69856bbb13e40ab836778,2002 Peugeot 406,NG-456848,2002," 96,747 Km",Nigerian Used,"₦ 231,000"
5eb69856bbb13e40ab836779,1998 Mitsubishi Space Wagon,NG-456731,1998," 269,808 Km",Nigerian Used,"₦ 836,000"
5eb69863bbb13e40ab83677a,2005 Toyota Highlander,NG-456716,2005," 180,050 Km",Foreign Used,"₦ 2,761,000"
5eb69863bbb13e40ab83677b,2000 Lexus Is,NG-456552,2000," 137,400 Km",Nigerian Used,"₦ 1,001,000"
5eb69863bbb13e40ab83677c,2001 Honda Civic,NG-456758,2001," 200,970 Km",Nigerian Used,"₦ 726,000"
5eb69863bbb13e40ab83677d,2004 Toyota 4Runner,NG-456522,2004," 1,234 Km",Nigerian Used,"₦ 1,111,000"
5eb69864bbb13e40ab83677e,2011 Toyota Rav4,NG-456619,2011," 96,264 Km",Nigerian Used,"₦ 3,091,000"
5eb69864bbb13e40ab83677f,2010 Acura Zdx,NG-456646,2010," 84,621 Km",Nigerian Used,"₦ 6,611,000"
5eb69864bbb13e40ab836780,2008 Honda Accord,NG-456692,2008," 118,145 Km",Nigerian Used,"₦ 1,331,000"
5eb69864bbb13e40ab836781,2007 Lexus Ls,NG-456701,2007," 134,129 Km",Foreign Used,"₦ 4,521,000"
5eb69864bbb13e40ab836782,2006 Honda Civic,NG-456477,2006," 160,880 Km",Nigerian Used,"₦ 1,331,000"
5eb69865bbb13e40ab836783,1997 Honda Accord,NG-456699,1997," 192,307 Km",Nigerian Used,"₦ 285,000"
5eb69865bbb13e40ab836784,2008 Honda City,NG-456557,2008," 163,353 Km",Nigerian Used,"₦ 781,000"
5eb69865bbb13e40ab836785,2007 Honda Cr-V,NG-456650,2007," 82,477 Km",Nigerian Used,"₦ 1,621,500"
5eb69866bbb13e40ab836786,2007 Toyota Tundra,NG-456698,2007," 53,170 Km",Nigerian Used,"₦ 6,611,000"
5eb69866bbb13e40ab836787,2005 Lexus Es,NG-456566,2005," 173,990 Km",Nigerian Used,"₦ 1,441,000"
5eb69866bbb13e40ab836788,,,,,,
5eb69866bbb13e40ab836789,2008 Toyota Sienna,NG-456576,2008," 89,785 Km",Nigerian Used,"₦ 891,000"
5eb69866bbb13e40ab83678a,2005 Toyota Matrix,NG-456432,2005," 124,799 Km",Nigerian Used,"₦ 1,001,000"
5eb69866bbb13e40ab83678b,2006 Hyundai Sonata,NG-456494,2006," 118,295 Km",Nigerian Used,"₦ 781,000"
5eb69867bbb13e40ab83678c,2009 Acura Tsx,NG-456462,2009," 180,864 Km",Foreign Used,"₦ 2,651,000"
5eb69867bbb13e40ab83678d,2008 Volkswagen Jetta,NG-454403,2008," 149,006 Km",Nigerian Used,"₦ 670,000"
5eb69867bbb13e40ab83678e,1997 Volkswagen Sharan,NG-451640,1997," 244,700 Km",Foreign Used,"₦ 1,805,000"
5eb69867bbb13e40ab83678f,2011 Toyota Venza,NG-451536,2011," 139,350 Km",Foreign Used,"₦ 6,981,000"
5eb69867bbb13e40ab836790,2014 Honda Accord,NG-451633,2014," 85,558 Km",Foreign Used,"₦ 4,931,000"
5eb69867bbb13e40ab836791,1999 Mercedes-Benz E320,NG-451639,1999," 5,050 Km",Foreign Used,"₦ 1,446,000"
5eb69868bbb13e40ab836792,2009 Toyota Matrix,NG-450245,2009," 209,263 Km",Foreign Used,"₦ 2,778,500"
5eb69868bbb13e40ab836793,2007 Toyota Camry,NG-449109,2007," 99,867 Km",Foreign Used,"₦ 2,676,000"
5eb69868bbb13e40ab836794,,,,,,
5eb69868bbb13e40ab836795,2006 BMW 3 Series,NG-455563,2006," 238,383 Km",Foreign Used,"₦ 1,991,000"
5eb69869bbb13e40ab836796,1996 Mercedes-Benz C200,NG-455697,1996," 239,700 Km",Foreign Used,"₦ 1,000,000"
5eb69869bbb13e40ab836797,2011 Toyota Corolla,NG-455686,2011," 166,636 Km",Foreign Used,"₦ 3,421,000"
5eb69869bbb13e40ab836798,2002 Toyota Highlander,NG-455752,2002," 294,983 Km",Nigerian Used,"₦ 1,551,000"
5eb69869bbb13e40ab836799,,,,,,
5eb69869bbb13e40ab83679a,2004 Lexus Rx 330,NG-455753,2004," 123,640 Km",Nigerian Used,"₦ 1,661,000"
5eb6986abbb13e40ab83679b,,,,,,
5eb6986abbb13e40ab83679c,2011 Kia Sportage,NG-455497,2011," 82,617 Km",Nigerian Used,"₦ 2,541,000"
5eb6986abbb13e40ab83679d,2017 BMW 530i,NG-455465,2017," 10,561 Km",Nigerian Used,"₦ 27,511,000"
5eb6986bbbb13e40ab83679e,2009 Hyundai Tucson,NG-455778,2009," 266,906 Km",Nigerian Used,"₦ 1,111,000"
5eb6986bbbb13e40ab83679f,1999 Lexus Rx 300,NG-455720,1999," 223,027 Km",Foreign Used,"₦ 1,679,000"
5eb6986ebbb13e40ab8367a0,1998 Mercedes-Benz Clk220,NG-455738,1998," 300,756 Km",Nigerian Used,"₦ 781,000"
5eb6986ebbb13e40ab8367a1,2006 Mercedes-Benz Ml500,NG-455567,2006," 238,709 Km",Nigerian Used,"₦ 2,761,000"
5eb6986fbbb13e40ab8367a2,,,,,,
5eb6986fbbb13e40ab8367a3,2000 Nissan Xterra,NG-455685,2000," 212,457 Km",Nigerian Used,"₦ 781,000"
5eb69885bbb13e40ab8367a4,2007 Honda Pilot,NG-455640,2007," 110,157 Km",Nigerian Used,"₦ 946,000"
5eb69885bbb13e40ab8367a5,2004 Nissan Pathfinder,NG-455480,2004," 177,984 Km",Nigerian Used,"₦ 726,000"
5eb69885bbb13e40ab8367a6,2015 Mercedes-Benz C300,NG-455439,2015," 87,579 Km",Foreign Used,"₦ 9,361,000"
5eb69885bbb13e40ab8367a7,2011 Hyundai Santa Fe,NG-455616,2011," 54,765 Km",Foreign Used,"₦ 3,091,000"
5eb69886bbb13e40ab8367a8,1999 Lexus Rx 300,NG-455381,1999," 226,189 Km",Nigerian Used,"₦ 1,056,000"
5eb69886bbb13e40ab8367a9,2005 Volvo Xc90,NG-455629,2005," 186,400 Km",Foreign Used,"₦ 1,551,000"
5eb69887bbb13e40ab8367aa,2004 Ford Escape,NG-455652,2004," 161,145 Km",Nigerian Used,"₦ 561,000"
5eb69887bbb13e40ab8367ab,2011 Toyota Venza,NG-455506,2011," 67,025 Km",Foreign Used,"₦ 4,190,000"
5eb69889bbb13e40ab8367ac,2005 Mercedes-Benz E280,NG-455516,2005," 124,559 Km",Nigerian Used,"₦ 891,000"
5eb69889bbb13e40ab8367ad,2007 Mercedes-Benz E350,NG-455658,2007," 180,136 Km",Foreign Used,"₦ 2,210,000"
5eb6988abbb13e40ab8367ae,2000 Honda Cr-V,NG-455608,2000," 157,607 Km",Nigerian Used,"₦ 561,000"
5eb6988abbb13e40ab8367af,2010 Toyota Camry,NG-455539,2010," 195,931 Km",Foreign Used,"₦ 2,596,000"
5eb6988abbb13e40ab8367b0,2007 Toyota Rav4,NG-455469,2007," 156,231 Km",Nigerian Used,"₦ 2,761,000"
5eb6988abbb13e40ab8367b1,2008 Infiniti G,NG-455471,2008," 156,138 Km",Nigerian Used,"₦ 1,331,000"
5eb6988bbbb13e40ab8367b2,2001 Nissan Quest,NG-455504,2001," 113,146 Km",Nigerian Used,"₦ 414,000"
5eb6988bbbb13e40ab8367b3,2005 Honda Pilot,NG-455461,2005," 120,207 Km",Nigerian Used,"₦ 891,000"
5eb6988ebbb13e40ab8367b4,2001 Toyota Sienna,NG-455430,2001," 194,078 Km",Nigerian Used,"₦ 616,000"
5eb6988fbbb13e40ab8367b5,2007 Toyota Camry,NG-455620,2007," 167,977 Km",Foreign Used,"₦ 2,541,000"
5eb6988fbbb13e40ab8367b6,2011 Toyota Camry,NG-455507,2011," 100,843 Km",Foreign Used,"₦ 2,761,000"
5eb6988fbbb13e40ab8367b7,2007 Toyota Camry,NG-455611,2007," 319,155 Km",Foreign Used,"₦ 2,651,000"
5eb6988fbbb13e40ab8367b8,1999 Lexus Rx,NG-455436,1999," 61,025 Km",Nigerian Used,"₦ 1,001,000"
5eb69890bbb13e40ab8367b9,2004 Toyota Solara,NG-455451,2004," 98,794 Km",Nigerian Used,"₦ 1,441,000"
5eb69890bbb13e40ab8367ba,2000 Toyota Sienna,NG-455589,2000," 207,385 Km",Nigerian Used,"₦ 725,000"
5eb69890bbb13e40ab8367bb,2007 Honda Cr-V,NG-455477,2007," 117,704 Km",Nigerian Used,"₦ 1,550,000"
5eb69890bbb13e40ab8367bc,2013 Honda Accord,NG-455366,2013," 96,510 Km",Foreign Used,"₦ 4,191,000"
5eb69890bbb13e40ab8367bd,2005 Nissan Titan,NG-455248,2005," 170,889 Km",Foreign Used,"₦ 3,310,000"
5eb69891bbb13e40ab8367be,2009 Toyota Venza,NG-455318,2009," 275,034 Km",Nigerian Used,"₦ 3,311,000"
5eb69891bbb13e40ab8367bf,2007 Nissan Altima,NG-455650,2007," 113,351 Km",Nigerian Used,"₦ 451,000"
5eb69891bbb13e40ab8367c0,2015 Toyota Camry,NG-455664,2015," 28,315 Km",Nigerian Used,"₦ 4,410,000"
5eb69891bbb13e40ab8367c1,2004 Mercedes-Benz C180,NG-450235,2004," 188,068 Km",Foreign Used,"₦ 1,550,000"
5eb69891bbb13e40ab8367c2,2004 Toyota Corolla,NG-451515,2004," 212,164 Km",Foreign Used,"₦ 1,770,000"
5eb69892bbb13e40ab8367c3,2005 Toyota Corolla,NG-451340,2005," 230,018 Km",Foreign Used,"₦ 1,770,000"
5eb69892bbb13e40ab8367c4,2007 Volkswagen Jetta,NG-431933,2007," 122,392 Km",Nigerian Used,"₦ 670,000"
5eb69892bbb13e40ab8367c5,2009 Honda Accord,NG-454693,2009," 191,667 Km",Nigerian Used,"₦ 1,331,000"
5eb69892bbb13e40ab8367c6,2007 Honda Pilot,NG-454583,2007," 95,135 Km",Nigerian Used,"₦ 1,221,000"
5eb69893bbb13e40ab8367c7,2001 Acura Mdx,NG-454602,2001," 119,605 Km",Nigerian Used,"₦ 781,000"
5eb69893bbb13e40ab8367c8,2010 Toyota Tundra,NG-454636,2010," 61,503 Km",Nigerian Used,"₦ 5,511,000"
5eb69893bbb13e40ab8367c9,2001 Lexus Rx 300,NG-454635,2001," 227,635 Km",Nigerian Used,"₦ 1,001,000"
5eb69893bbb13e40ab8367ca,2004 Toyota Corolla,NG-454545,2004," 307,059 Km",Nigerian Used,"₦ 836,000"
5eb69893bbb13e40ab8367cb,2006 Mercedes-Benz Ml350,NG-454558,2006," 105,098 Km",Nigerian Used,"₦ 2,761,000"
5eb69894bbb13e40ab8367cc,2011 Kia Soul,NG-454704,2011," 117,113 Km",Nigerian Used,"₦ 836,000"
5eb69897bbb13e40ab8367cd,2004 Toyota Corolla,NG-454566,2004," 289,918 Km",Foreign Used,"₦ 1,936,000"
5eb69897bbb13e40ab8367ce,2008 Toyota Camry,NG-454266,2008," 174,376 Km",Nigerian Used,"₦ 1,111,000"
5eb69897bbb13e40ab8367cf,1994 Nissan Serena,NG-454611,1994," 186,959 Km",Nigerian Used,"₦ 451,000"
5eb69898bbb13e40ab8367d0,2002 Toyota Sienna,NG-454600,2002," 182,693 Km",Nigerian Used,"₦ 671,000"
5eb69898bbb13e40ab8367d1,2005 Toyota Camry,NG-454487,2005," 247,914 Km",Nigerian Used,"₦ 1,001,000"
5eb69898bbb13e40ab8367d2,2000 Mazda 6,NG-454570,2000," 237,247 Km",Nigerian Used,"₦ 451,000"
5eb69898bbb13e40ab8367d3,2002 Toyota Camry,NG-454455,2002," 222,126 Km",Nigerian Used,"₦ 1,001,000"
5eb69898bbb13e40ab8367d4,2007 Dodge Caliber,NG-454363,2007," 265,251 Km",Nigerian Used,"₦ 1,441,000"
5eb69899bbb13e40ab8367d5,2017 Toyota Corolla,NG-454214,2017, 614 Km,Foreign Used,"₦ 6,391,000"
5eb69899bbb13e40ab8367d6,1998 Volkswagen Golf,NG-454472,1998," 193,584 Km",Nigerian Used,"₦ 451,000"
5eb69899bbb13e40ab8367d7,2009 Toyota Rav4,NG-454543,2009," 142,581 Km",Nigerian Used,"₦ 2,321,000"
5eb6989abbb13e40ab8367d8,2003 Honda Odyssey,NG-454619,2003," 177,223 Km",Nigerian Used,"₦ 506,000"
5eb6989abbb13e40ab8367d9,2007 Toyota Avensis,NG-454520,2007," 241,761 Km",Nigerian Used,"₦ 891,000"
5eb6989abbb13e40ab8367da,2015 Kia Picanto,NG-454514,2015," 51,690 Km",Nigerian Used,"₦ 1,661,000"
5eb6989abbb13e40ab8367db,2005 Ford Explorer,NG-454463,2005," 165,549 Km",Nigerian Used,"₦ 561,000"
5eb6989bbbb13e40ab8367dc,2007 Toyota Rav4,NG-454547,2007," 121,600 Km",Nigerian Used,"₦ 2,829,000"
5eb6989bbbb13e40ab8367dd,2003 Toyota Camry,NG-454599,2003," 31,283 Km",Nigerian Used,"₦ 1,001,000"
5eb6989bbbb13e40ab8367de,2014 Land Rover Range Rover Sport,NG-454608,2014," 25,803 Km",Nigerian Used,"₦ 14,311,000"
5eb6989cbbb13e40ab8367df,2003 Honda Accord,NG-454470,2003," 179,638 Km",Nigerian Used,"₦ 781,000"
5eb698a0bbb13e40ab8367e0,2015 Kia Picanto,NG-454434,2015," 57,015 Km",Nigerian Used,"₦ 1,661,000"
5eb698a0bbb13e40ab8367e1,2008 Mercedes-Benz C300,NG-454462,2008," 153,903 Km",Nigerian Used,"₦ 1,881,000"
5eb698a0bbb13e40ab8367e2,2003 Acura Mdx,NG-454499,2003," 199,732 Km",Nigerian Used,"₦ 1,001,000"
5eb698a1bbb13e40ab8367e3,2008 Honda Pilot,NG-454435,2008," 220,573 Km",Foreign Used,"₦ 2,211,000"
5eb698a1bbb13e40ab8367e4,2011 Honda Civic,NG-454453,2011," 208,475 Km",Nigerian Used,"₦ 1,441,000"
5eb698a2bbb13e40ab8367e5,2006 Honda Accord,NG-454413,2006," 171,406 Km",Nigerian Used,"₦ 726,000"
5eb698a2bbb13e40ab8367e6,2008 Lexus Gx,NG-454282,2008," 98,703 Km",Nigerian Used,"₦ 2,761,000"
5eb698a2bbb13e40ab8367e7,2006 Nissan Altima,NG-454394,2006," 115,055 Km",Nigerian Used,"₦ 891,000"
5eb698a2bbb13e40ab8367e8,2001 Hyundai Santa Fe,NG-454281,2001," 184,320 Km",Nigerian Used,"₦ 505,000"
5eb698a3bbb13e40ab8367e9,1996 Toyota Picnic,NG-454385,1996," 215,664 Km",Nigerian Used,"₦ 946,000"
5eb698a3bbb13e40ab8367ea,2015 Toyota Camry,NG-454323,2015," 121,712 Km",Foreign Used,"₦ 5,181,000"
5eb698a3bbb13e40ab8367eb,2003 Kia Sorento,NG-454414,2003," 100,515 Km",Nigerian Used,"₦ 561,000"
5eb698a3bbb13e40ab8367ec,,,,,,
5eb698a4bbb13e40ab8367ed,2003 Mercedes-Benz E320,NG-454269,2003," 151,733 Km",Nigerian Used,"₦ 1,551,000"
5eb698a4bbb13e40ab8367ee,2005 Toyota Avalon,NG-454357,2005," 198,065 Km",Foreign Used,"₦ 2,211,000"
5eb698a4bbb13e40ab8367ef,1999 Mercedes-Benz Ml320,NG-454261,1999," 225,119 Km",Nigerian Used,"₦ 836,000"
5eb698a5bbb13e40ab8367f0,2007 Honda Cr-V,NG-454308,2007," 186,896 Km",Nigerian Used,"₦ 1,661,000"
5eb698a5bbb13e40ab8367f1,2014 Honda Pilot,NG-454313,2014," 47,792 Km",Nigerian Used,"₦ 4,080,000"
5eb698a5bbb13e40ab8367f2,2004 Mitsubishi Montero,NG-454338,2004," 98,363 Km",Nigerian Used,"₦ 891,000"
5eb698a5bbb13e40ab8367f3,2008 Toyota Corolla,NG-454303,2008," 18,670 Km",Foreign Used,"₦ 1,881,000"
5eb698a5bbb13e40ab8367f4,2007 Nissan Pathfinder,NG-454374,2007," 314,721 Km",Nigerian Used,"₦ 1,991,000"
5eb698a6bbb13e40ab8367f5,2008 Honda Accord,NG-454297,2008," 224,258 Km",Nigerian Used,"₦ 1,331,000"
5eb698a6bbb13e40ab8367f6,2005 Toyota Corolla,NG-454251,2005," 117,151 Km",Foreign Used,"₦ 1,771,000"
5eb698a6bbb13e40ab8367f7,2004 Nissan Xterra,NG-454369,2004," 194,777 Km",Nigerian Used,"₦ 451,000"
5eb698a7bbb13e40ab8367f8,2006 Toyota 4Runner,NG-454198,2006," 47,633 Km",Foreign Used,"₦ 3,201,000"
5eb698a7bbb13e40ab8367f9,2008 Kia Sportage,NG-454240,2008," 98,512 Km",Nigerian Used,"₦ 781,000"
5eb698a7bbb13e40ab8367fa,2009 Toyota Venza,NG-454310,2009," 103,696 Km",Nigerian Used,"₦ 3,806,000"
5eb698a7bbb13e40ab8367fb,2005 Hyundai Sonata,NG-454237,2005," 138,490 Km",Nigerian Used,"₦ 341,000"
5eb698a8bbb13e40ab8367fc,2014 Kia Cerato,NG-454305,2014," 101,156 Km",Nigerian Used,"₦ 1,991,000"
5eb698a8bbb13e40ab8367fd,2010 Kia Optima,NG-453506,2010," 190,928 Km",Foreign Used,"₦ 1,881,000"
5eb698a8bbb13e40ab8367fe,2003 Jeep Liberty,NG-453589,2003," 117,310 Km",Nigerian Used,"₦ 506,000"
5eb698a8bbb13e40ab8367ff,2013 Acura Rdx,NG-453711,2013," 53,580 Km",Nigerian Used,"₦ 5,511,000"
5eb698a8bbb13e40ab836800,2008 Toyota Rav4,NG-453548,2008," 110,734 Km",Foreign Used,"₦ 3,036,000"
5eb698a8bbb13e40ab836801,2011 Mercedes-Benz C300,NG-453384,2011," 155,612 Km",Foreign Used,"₦ 4,080,000"
5eb698a9bbb13e40ab836802,2007 Acura Mdx,NG-453585,2007," 155,831 Km",Nigerian Used,"₦ 2,211,000"
5eb698a9bbb13e40ab836803,2009 Toyota Camry,NG-439723,2009," 99,666 Km",Nigerian Used,"₦ 1,330,000"
5eb698a9bbb13e40ab836804,Toyota Camry,NG-453444,2003," 313,086 Km",Nigerian Used,"₦ 891,000"
5eb698aabbb13e40ab836805,2008 Ford Explorer,NG-453525,2008," 172,379 Km",Nigerian Used,"₦ 3,311,000"
5eb698aabbb13e40ab836806,2002 Honda Civic,NG-453266,2002," 179,553 Km",Nigerian Used,"₦ 319,000"
5eb698aabbb13e40ab836807,2011 Kia Cerato,NG-453511,2011," 53,739 Km",Nigerian Used,"₦ 3,311,000"
5eb698aabbb13e40ab836808,2004 Toyota Sienna,NG-449282,2004," 131,882 Km",Nigerian Used,"₦ 1,385,000"
5eb698aabbb13e40ab836809,1998 Toyota Camry,NG-453580,1998," 196,333 Km",Nigerian Used,"₦ 616,000"
5eb698abbbb13e40ab83680a,2008 Toyota Sienna,NG-453433,2008," 151,177 Km",Foreign Used,"₦ 2,761,000"
5eb698abbbb13e40ab83680b,2006 Honda Pilot,NG-450213,2006," 222,144 Km",Foreign Used,"₦ 1,331,000"
5eb698abbbb13e40ab83680c,2004 Honda Pilot,NG-453533,2004," 243,427 Km",Foreign Used,"₦ 1,111,000"
5eb698abbbb13e40ab83680d,2000 Toyota Sienna,NG-432665,2000," 237,494 Km",Nigerian Used,"₦ 670,000"
5eb698abbbb13e40ab83680e,2010 Mercedes-Benz Ml350,NG-453499,2010," 91,661 Km",Nigerian Used,"₦ 3,311,000"
5eb698acbbb13e40ab83680f,2019 Toyota Rav4,NG-453470,2019," 13,028 Km",Foreign Used,"₦ 9,911,000"
5eb698acbbb13e40ab836810,2006 Honda Civic,NG-453514,2006," 104,186 Km",Nigerian Used,"₦ 1,221,000"
5eb698acbbb13e40ab836811,2010 Toyota Camry,NG-453158,2010," 105,928 Km",Nigerian Used,"₦ 1,551,000"
5eb698acbbb13e40ab836812,2005 Hyundai Tucson,NG-453467,2005," 134,787 Km",Nigerian Used,"₦ 726,000"
5eb698b1bbb13e40ab836813,2007 Toyota Camry,NG-453521,2007," 182,204 Km",Nigerian Used,"₦ 1,111,000"
5eb698b1bbb13e40ab836814,2007 Toyota Camry,NG-453448,2007," 122,777 Km",Nigerian Used,"₦ 1,331,000"
5eb698b1bbb13e40ab836815,2004 Volkswagen Golf,NG-453340,2004," 121,539 Km",Nigerian Used,"₦ 561,000"
5eb698b1bbb13e40ab836816,2006 Honda Civic,NG-453360,2006," 90,920 Km",Foreign Used,"₦ 1,881,000"
5eb698b2bbb13e40ab836817,2016 Hyundai Creta,NG-453441,2016," 26,297 Km",Nigerian Used,"₦ 5,071,000"
5eb698b2bbb13e40ab836818,2019 Suzuki CIAZ,NG-453302,2019," 13,286 Km",New,"₦ 14,311,000"
5eb698b2bbb13e40ab836819,2006 Toyota Camry,NG-453454,2006," 309,756 Km",Foreign Used,"₦ 1,661,000"
5eb698b3bbb13e40ab83681a,2007 Toyota Sienna,NG-453320,2007," 205,817 Km",Nigerian Used,"₦ 1,991,000"
5eb698b3bbb13e40ab83681b,2008 Mercedes-Benz Gl450,NG-453355,2008," 138,734 Km",Nigerian Used,"₦ 2,761,000"
